Timestamp,CPU_Usage,RAM_Usage,Disk_Usage,GPU_Usage
2025-12-15 04:17:58,27,45,83,1
2025-12-15 04:18:01,26,45,83,0
2025-12-15 04:18:05,25,45,83,0
2025-12-15 04:18:08,1,45,83,1
2025-12-15 04:18:12,2,46,83,7
2025-12-15 04:18:16,3,45,83,5
2025-12-15 04:18:19,2,46,83,9
2025-12-15 04:18:23,1,46,83,3
2025-12-15 04:18:26,11,46,83,3
2025-12-15 04:18:30,10,46,83,4
2025-12-15 04:18:34,2,46,83,2
2025-12-15 04:18:37,23,46,83,2
2025-12-15 04:18:41,14,46,83,2
2025-12-15 04:18:45,7,46,83,0
2025-12-15 04:18:48,5,46,83,0
2025-12-15 04:18:52,19,46,83,4
2025-12-15 04:18:55,23,46,83,0
2025-12-15 04:18:59,14,46,83,0
2025-12-15 04:19:03,4,46,83,0
2025-12-15 04:19:06,20,46,83,2
2025-12-15 04:19:10,20,46,83,0
2025-12-15 04:19:13,18,46,83,0
2025-12-15 04:19:17,20,46,83,3
2025-12-15 04:19:21,12,46,83,12
2025-12-15 04:19:24,23,46,83,8
2025-12-15 04:19:28,16,46,83,3
2025-12-15 04:19:32,8,46,83,0
2025-12-15 04:19:35,15,46,83,0
2025-12-15 04:19:39,28,46,83,0
2025-12-15 04:19:42,19,46,83,0
2025-12-15 04:19:46,17,46,83,0
2025-12-15 04:19:50,11,46,83,0
2025-12-15 04:19:53,15,46,83,10
2025-12-15 04:19:57,41,46,83,8
2025-12-15 04:20:01,24,46,83,2
2025-12-15 04:20:04,26,46,83,4
2025-12-15 04:20:08,26,46,83,13
2025-12-15 04:20:12,29,46,83,1
2025-12-15 04:20:15,34,46,83,1
2025-12-15 04:20:19,35,46,83,2
2025-12-15 04:20:23,39,46,83,2
2025-12-15 04:20:26,29,46,83,6
2025-12-15 04:20:30,54,46,83,1
2025-12-15 04:20:34,44,46,83,5
2025-12-15 04:20:38,63,46,83,12
2025-12-15 04:20:41,34,46,83,5
2025-12-15 04:20:45,19,46,83,9
2025-12-15 04:20:48,19,46,83,0
2025-12-15 04:20:52,30,46,83,8
2025-12-15 04:20:55,30,46,83,1
2025-12-15 04:20:59,35,46,83,6
2025-12-15 04:21:03,49,46,83,3
2025-12-15 04:21:06,33,46,83,2
2025-12-15 04:21:10,25,46,83,16
2025-12-15 04:21:14,32,46,83,15
2025-12-15 04:21:17,31,46,83,1
2025-12-15 04:21:21,37,46,83,6
2025-12-15 04:21:24,43,46,83,5
2025-12-15 04:21:28,36,46,83,7
2025-12-15 04:21:32,34,46,83,19
2025-12-15 04:21:35,40,46,83,16
2025-12-15 04:21:39,25,46,83,5
2025-12-15 04:21:43,32,46,83,3
2025-12-15 04:21:46,16,46,83,8
2025-12-15 04:21:50,27,46,83,1
2025-12-15 04:21:54,41,46,83,1
2025-12-15 04:21:57,37,46,83,1
2025-12-15 04:22:01,40,46,83,1
2025-12-15 04:22:04,29,46,83,7
2025-12-15 04:22:08,0,46,83,9
2025-12-15 04:22:12,3,46,83,4
2025-12-15 04:22:12,0,46,83,2
2025-12-15 04:22:16,1,46,83,1
2025-12-15 04:22:19,1,45,83,1
2025-12-15 04:22:23,0,45,83,14
2025-12-15 04:22:27,0,45,83,2
2025-12-15 04:22:30,7,45,83,2
2025-12-15 04:22:34,3,46,83,1
2025-12-15 04:22:37,15,46,83,2
2025-12-15 04:22:41,18,46,83,5
2025-12-15 04:22:45,19,46,83,1
2025-12-15 04:22:48,11,45,83,3
2025-12-15 04:22:52,17,45,83,7
2025-12-15 04:22:56,37,46,83,9
2025-12-15 04:23:00,36,47,83,5
2025-12-15 04:23:03,50,47,83,17
2025-12-15 04:23:07,11,47,83,8
2025-12-15 04:23:11,31,47,83,8
2025-12-15 04:23:14,21,47,83,8
2025-12-15 04:23:18,29,46,83,8
2025-12-15 04:23:22,23,46,83,8
2025-12-15 04:23:25,48,46,83,8
2025-12-15 04:23:29,32,46,83,8
2025-12-15 04:23:33,35,46,83,8
2025-12-15 04:23:36,48,47,83,8
2025-12-15 04:23:40,37,47,83,8
2025-12-15 04:23:44,39,47,83,8
2025-12-15 04:23:47,33,47,83,8
2025-12-15 04:23:51,35,47,83,8
2025-12-15 04:23:55,35,46,83,8
2025-12-15 04:23:59,48,47,83,8
2025-12-15 04:24:02,51,47,83,8
2025-12-15 04:24:06,45,46,83,8
2025-12-15 04:24:10,33,46,83,8
2025-12-15 04:24:13,35,46,83,8
2025-12-15 04:24:17,26,46,83,8
2025-12-15 04:24:21,37,46,83,8
2025-12-15 04:24:25,37,46,83,8
2025-12-15 04:24:28,26,46,83,8
2025-12-15 04:24:32,46,46,83,8
2025-12-15 04:24:36,54,46,83,8
2025-12-15 04:24:39,48,47,83,9
2025-12-15 04:24:43,68,47,83,9
2025-12-15 04:24:47,35,47,83,101
2025-12-15 04:24:51,41,47,83,15
2025-12-15 04:24:55,34,47,83,99
2025-12-15 04:24:58,42,47,83,19
2025-12-15 04:25:02,41,47,83,6
2025-12-15 04:25:06,19,47,83,6
2025-12-15 04:25:10,31,47,83,6
2025-12-15 04:25:13,30,46,83,6
2025-12-15 04:25:17,20,46,83,4
2025-12-15 04:25:21,22,47,83,3
2025-12-15 04:25:24,49,47,83,6
2025-12-15 04:25:28,27,47,83,0
2025-12-15 04:25:32,25,47,83,2
2025-12-15 04:25:35,25,47,83,0
2025-12-15 04:25:39,31,47,83,0
2025-12-15 04:25:42,27,46,83,1
2025-12-15 04:25:46,28,47,83,1
2025-12-15 04:25:50,37,47,83,1
2025-12-15 04:25:53,37,46,83,2
2025-12-15 04:25:57,20,46,83,20
2025-12-15 04:26:00,28,46,83,5
2025-12-15 04:26:04,31,46,83,5
2025-12-15 04:26:07,4,46,83,4
2025-12-15 04:26:11,0,46,83,5
2025-12-15 04:26:15,1,46,83,2
2025-12-15 04:26:19,5,47,83,5
2025-12-15 04:26:22,5,47,83,7
2025-12-15 04:26:26,0,47,83,5
2025-12-15 04:26:30,8,47,83,5
2025-12-15 04:26:33,0,47,83,9
2025-12-15 04:26:37,33,47,83,5
2025-12-15 04:26:41,29,47,83,5
2025-12-15 04:26:45,31,47,83,5
2025-12-15 04:26:48,26,47,83,4
2025-12-15 04:26:52,26,47,83,9
2025-12-15 04:26:55,23,47,83,5
2025-12-15 04:26:59,30,47,83,5
2025-12-15 04:27:03,23,47,83,4
2025-12-15 04:27:06,30,47,83,5
2025-12-15 04:27:10,34,47,83,2
2025-12-15 04:27:13,12,47,83,2
2025-12-15 04:27:17,12,47,83,2
2025-12-15 04:27:21,39,47,83,9
2025-12-15 04:27:24,40,47,83,27
2025-12-15 04:27:28,23,47,83,2
2025-12-15 04:27:32,36,47,83,5
2025-12-15 04:27:35,27,47,83,2
2025-12-15 04:27:39,36,46,83,10
2025-12-15 04:27:42,48,46,83,2
2025-12-15 04:27:46,27,46,83,1
2025-12-15 04:27:49,31,47,83,4
2025-12-15 04:27:53,20,47,83,4
2025-12-15 04:27:57,21,46,83,4
2025-12-15 04:28:00,31,46,83,2
2025-12-15 04:28:04,34,46,83,5
2025-12-15 04:28:07,28,46,83,2
2025-12-15 04:28:11,23,46,83,5
2025-12-15 04:28:14,32,46,83,1
2025-12-15 04:28:18,37,46,83,6
2025-12-15 04:28:22,17,46,83,2
2025-12-15 04:28:25,20,46,83,3
2025-12-15 04:28:29,20,46,83,6
2025-12-15 04:28:32,34,46,83,7
2025-12-15 04:28:36,26,46,83,1
2025-12-15 04:28:40,27,46,83,9
2025-12-15 04:28:43,24,46,83,2
2025-12-15 04:28:47,31,46,83,7
2025-12-15 04:28:51,30,46,83,10
2025-12-15 04:28:54,31,46,83,20
2025-12-15 04:28:58,33,46,83,20
2025-12-15 04:29:02,34,46,83,2
2025-12-15 04:29:05,23,46,83,4
2025-12-15 04:29:09,21,46,83,17
2025-12-15 04:29:13,24,46,83,19
2025-12-15 04:29:16,33,46,83,1
2025-12-15 04:29:20,37,46,83,3
2025-12-15 04:29:23,35,46,83,2
2025-12-15 04:29:27,32,46,83,2
2025-12-15 04:29:31,21,47,83,3
2025-12-15 04:29:34,29,46,83,0
2025-12-15 04:29:38,22,46,83,0
2025-12-15 04:29:41,29,46,83,0
2025-12-15 04:29:45,18,46,83,0
2025-12-15 04:29:49,17,46,83,0
2025-12-15 04:29:52,26,46,83,1
2025-12-15 04:29:56,25,46,83,0
2025-12-15 04:30:00,34,46,83,0
2025-12-15 04:30:03,23,46,83,1
2025-12-15 04:30:07,3,46,83,0
2025-12-15 04:30:10,1,46,83,0
2025-12-15 04:30:14,1,46,83,9
2025-12-15 04:30:18,0,46,83,9
2025-12-15 04:30:22,0,46,83,5
2025-12-15 04:30:25,1,46,83,7
2025-12-15 04:30:29,1,46,83,6
2025-12-15 04:30:33,1,46,83,8
2025-12-15 04:30:36,40,46,83,7
2025-12-15 04:30:40,47,46,83,6
2025-12-15 04:30:44,40,46,83,4
2025-12-15 04:30:48,46,46,83,7
2025-12-15 04:30:51,37,46,83,3
2025-12-15 04:30:55,23,46,83,3
2025-12-15 04:30:58,15,46,83,2
2025-12-15 04:31:02,17,46,83,2
2025-12-15 04:31:06,35,46,83,4
2025-12-15 04:31:09,22,46,83,9
2025-12-15 04:31:13,15,46,83,0
2025-12-15 04:31:16,27,46,83,1
2025-12-15 04:31:20,16,46,83,1
2025-12-15 04:31:23,32,46,83,2
2025-12-15 04:31:27,26,46,83,17
2025-12-15 04:31:31,29,46,83,1
2025-12-15 04:31:34,12,46,83,0
2025-12-15 04:31:38,23,46,83,18
2025-12-15 04:31:41,48,46,83,5
2025-12-15 04:31:45,21,46,83,5
2025-12-15 04:31:49,20,46,83,0
2025-12-15 04:31:52,28,46,83,0
2025-12-15 04:31:56,42,46,83,9
2025-12-15 04:32:00,46,46,83,9
2025-12-15 04:32:04,37,46,83,7
2025-12-15 04:32:07,40,46,83,8
2025-12-15 04:32:11,34,46,83,7
2025-12-15 04:32:15,40,46,83,6
2025-12-15 04:32:18,29,46,83,6
2025-12-15 04:32:22,37,46,83,6
2025-12-15 04:32:26,40,46,83,6
2025-12-15 04:32:30,57,46,83,5
2025-12-15 04:32:33,43,46,83,6
2025-12-15 04:32:37,49,46,83,15
2025-12-15 04:32:41,25,47,83,12
2025-12-15 04:32:44,19,47,83,1
2025-12-15 04:32:48,26,47,83,10
2025-12-15 04:32:51,29,46,83,10
2025-12-15 04:32:55,49,47,83,5
2025-12-15 04:32:59,30,47,83,6
2025-12-15 04:33:02,38,47,83,9
2025-12-15 04:33:06,32,47,83,5
2025-12-15 04:33:10,29,47,83,0
2025-12-15 04:33:13,19,46,83,0
2025-12-15 04:33:17,16,46,83,0
2025-12-15 04:33:21,24,46,83,0
2025-12-15 04:33:24,19,46,83,0
2025-12-15 04:33:28,23,46,83,0
2025-12-15 04:33:31,28,46,83,0
2025-12-15 04:33:35,24,46,83,0
2025-12-15 04:33:39,24,46,83,0
2025-12-15 04:33:42,18,46,83,1
2025-12-15 04:33:46,22,46,83,0
2025-12-15 04:33:50,24,46,83,0
2025-12-15 04:33:53,27,46,83,0
2025-12-15 04:33:57,28,46,83,0
2025-12-15 04:34:00,23,46,83,1
2025-12-15 04:34:04,18,46,83,0
2025-12-15 04:34:08,3,46,83,0
2025-12-15 04:34:11,6,46,83,9
2025-12-15 04:34:15,0,46,83,9
2025-12-15 04:34:19,6,46,83,7
2025-12-15 04:34:22,1,46,83,5
2025-12-15 04:34:26,7,46,83,6
2025-12-15 04:34:30,10,47,83,7
2025-12-15 04:34:34,6,47,83,5
2025-12-15 04:34:37,38,47,83,6
2025-12-15 04:34:41,10,47,83,12
2025-12-15 04:34:44,11,47,83,1
2025-12-15 04:34:48,19,47,83,1
2025-12-15 04:34:52,21,46,83,8
2025-12-15 04:34:55,11,47,83,2
2025-12-15 04:34:59,12,47,83,3
2025-12-15 04:35:02,27,47,83,1
2025-12-15 04:35:06,24,47,83,6
2025-12-15 04:35:10,16,47,83,16
2025-12-15 04:35:13,15,47,83,10
2025-12-15 04:35:17,16,47,83,1
2025-12-15 04:35:20,22,47,83,2
2025-12-15 04:35:24,26,46,83,10
2025-12-15 04:35:28,31,47,83,9
2025-12-15 04:35:31,27,47,83,8
2025-12-15 04:35:35,21,47,83,1
2025-12-15 04:35:39,39,47,83,1
2025-12-15 04:35:42,29,47,83,2
2025-12-15 04:35:46,17,47,83,6
2025-12-15 04:35:49,19,47,83,6
2025-12-15 04:35:53,23,47,83,8
2025-12-15 04:35:57,31,47,83,7
2025-12-15 04:36:00,33,47,83,6
2025-12-15 04:36:04,40,47,83,6
2025-12-15 04:36:07,38,46,83,9
2025-12-15 04:36:11,39,47,83,0
2025-12-15 04:36:15,14,47,83,0
2025-12-15 04:36:18,11,47,83,0
2025-12-15 04:36:22,9,46,83,2
2025-12-15 04:36:26,17,46,83,0
2025-12-15 04:36:29,43,47,83,6
2025-12-15 04:36:33,46,47,83,8
2025-12-15 04:36:37,34,47,83,15
2025-12-15 04:36:41,32,47,83,1
2025-12-15 04:36:44,34,47,83,0
2025-12-15 04:36:48,36,47,83,0
2025-12-15 04:36:51,28,47,83,1
2025-12-15 04:36:55,17,47,83,0
2025-12-15 04:36:59,16,47,83,0
2025-12-15 04:37:02,24,47,83,0
2025-12-15 04:37:06,37,47,83,0
2025-12-15 04:37:10,28,47,83,1
2025-12-15 04:37:13,24,47,83,0
2025-12-15 04:37:17,19,47,83,1
2025-12-15 04:37:20,21,47,83,0
2025-12-15 04:37:24,39,47,83,6
2025-12-15 04:37:28,26,47,83,6
2025-12-15 04:37:32,46,47,83,7
2025-12-15 04:37:35,52,47,83,8
2025-12-15 04:37:39,34,47,83,5
2025-12-15 04:37:43,58,47,83,9
2025-12-15 04:37:47,61,47,83,3
2025-12-15 04:37:50,29,47,83,1
2025-12-15 04:37:54,28,47,83,0
2025-12-15 04:37:57,22,47,83,0
2025-12-15 04:38:01,20,47,83,0
2025-12-15 04:38:05,25,47,83,0
2025-12-15 04:38:09,1,47,83,0
2025-12-15 04:38:12,3,47,83,0
2025-12-15 04:38:16,2,47,83,6
2025-12-15 04:38:20,0,47,83,6
2025-12-15 04:38:23,0,47,83,7
2025-12-15 04:38:27,1,47,83,5
2025-12-15 04:38:31,6,47,83,6
2025-12-15 04:38:35,7,47,83,2
2025-12-15 04:38:38,49,47,83,2
2025-12-15 04:38:42,42,47,83,3
2025-12-15 04:38:46,46,47,83,2
2025-12-15 04:38:50,38,47,83,1
2025-12-15 04:38:53,43,47,83,1
2025-12-15 04:38:57,41,47,83,4
2025-12-15 04:39:01,55,47,83,1
2025-12-15 04:39:05,40,47,83,1
2025-12-15 04:39:08,37,47,83,11
2025-12-15 04:39:12,41,47,83,1
2025-12-15 04:39:16,5,47,83,0
2025-12-15 04:39:19,12,47,83,0
2025-12-15 04:39:23,7,47,83,0
2025-12-15 04:39:27,13,47,83,0
2025-12-15 04:39:30,15,47,83,0
2025-12-15 04:39:34,6,47,83,0
2025-12-15 04:39:37,18,47,83,0
2025-12-15 04:39:41,12,47,83,0
2025-12-15 04:39:45,14,47,83,0
2025-12-15 04:39:48,40,47,83,9
2025-12-15 04:39:52,41,47,83,6
2025-12-15 04:39:56,43,47,83,6
2025-12-15 04:40:00,52,47,83,12
2025-12-15 04:40:04,48,47,83,5
2025-12-15 04:40:07,46,47,83,8
2025-12-15 04:40:11,48,47,83,4
2025-12-15 04:40:15,54,47,83,10
2025-12-15 04:40:18,31,47,83,8
2025-12-15 04:40:22,33,47,83,6
2025-12-15 04:40:26,23,47,83,6
2025-12-15 04:40:29,58,47,83,5
2025-12-15 04:40:33,32,47,83,6
2025-12-15 04:40:36,29,47,83,5
2025-12-15 04:40:40,32,47,83,9
2025-12-15 04:40:43,23,47,83,23
2025-12-15 04:40:47,22,47,83,5
2025-12-15 04:40:51,25,47,83,18
2025-12-15 04:40:54,37,47,83,5
2025-12-15 04:40:58,38,47,83,8
2025-12-15 04:41:01,35,47,83,8
2025-12-15 04:41:05,26,47,83,0
2025-12-15 04:41:08,29,47,83,6
2025-12-15 04:41:12,35,47,83,9
2025-12-15 04:41:15,38,47,83,2
2025-12-15 04:41:19,27,47,83,2
2025-12-15 04:41:22,28,47,83,0
2025-12-15 04:41:26,38,47,83,9
2025-12-15 04:41:29,21,47,83,3
2025-12-15 04:41:33,34,47,83,0
2025-12-15 04:41:37,29,47,83,0
2025-12-15 04:41:40,32,47,83,0
2025-12-15 04:41:44,22,47,83,0
2025-12-15 04:41:47,17,47,83,1
2025-12-15 04:41:51,23,47,83,0
2025-12-15 04:41:54,26,47,83,0
2025-12-15 04:41:58,28,47,83,3
2025-12-15 04:42:01,23,47,83,2
2025-12-15 04:42:05,28,47,83,1
2025-12-15 04:42:08,2,47,83,0
2025-12-15 04:42:12,0,47,83,6
2025-12-15 04:42:15,1,47,83,3
2025-12-15 04:42:19,1,47,83,10
2025-12-15 04:42:23,1,47,83,5
2025-12-15 04:42:26,0,47,83,16
2025-12-15 04:42:30,5,47,83,0
2025-12-15 04:42:33,2,47,83,0
2025-12-15 04:42:37,16,47,83,0
2025-12-15 04:42:41,18,47,83,0
2025-12-15 04:42:44,7,47,83,0
2025-12-15 04:42:48,3,47,83,0
2025-12-15 04:42:51,10,46,83,0
2025-12-15 04:42:55,7,46,83,0
2025-12-15 04:42:59,8,46,83,0
2025-12-15 04:43:02,16,46,83,0
2025-12-15 04:43:06,12,46,83,0
2025-12-15 04:43:09,9,46,83,1
2025-12-15 04:43:13,11,46,83,0
2025-12-15 04:43:17,11,46,83,0
2025-12-15 04:43:20,18,46,83,0
2025-12-15 04:43:24,28,46,83,6
2025-12-15 04:43:28,42,46,83,6
2025-12-15 04:43:32,43,47,83,6
2025-12-15 04:43:35,48,47,83,5
2025-12-15 04:43:39,37,47,83,6
2025-12-15 04:43:43,52,47,83,6
2025-12-15 04:43:46,42,47,83,1
2025-12-15 04:43:50,21,47,83,3
2025-12-15 04:43:54,30,47,83,2
2025-12-15 04:43:57,31,47,83,6
2025-12-15 04:44:01,35,47,83,1
2025-12-15 04:44:05,25,46,83,11
2025-12-15 04:44:09,35,46,83,9
2025-12-15 04:44:12,38,46,83,9
2025-12-15 04:44:16,49,46,83,7
2025-12-15 04:44:20,30,46,83,11
2025-12-15 04:44:23,44,46,83,1
2025-12-15 04:44:27,39,46,83,2
2025-12-15 04:44:30,47,47,83,1
2025-12-15 04:44:34,21,47,83,4
2025-12-15 04:44:37,36,46,83,5
2025-12-15 04:44:41,33,47,83,5
2025-12-15 04:44:45,29,47,83,5
2025-12-15 04:44:48,31,46,83,0
2025-12-15 04:44:52,26,46,83,0
2025-12-15 04:44:56,29,46,83,0
2025-12-15 04:44:59,35,46,83,7
2025-12-15 04:45:03,37,47,83,1
2025-12-15 04:45:06,37,47,83,5
2025-12-15 04:45:10,44,47,83,16
2025-12-15 04:45:14,30,47,83,9
2025-12-15 04:45:17,21,47,83,1
2025-12-15 04:45:21,30,47,83,11
2025-12-15 04:45:24,37,47,83,5
2025-12-15 04:45:28,29,47,83,6
2025-12-15 04:45:32,39,47,83,5
2025-12-15 04:45:35,37,47,83,5
2025-12-15 04:45:39,34,47,83,6
2025-12-16 18:47:39,38,58,95,3
2025-12-16 18:47:43,46,58,95,0
2025-12-16 18:47:47,0,58,95,7
2025-12-16 18:47:50,15,58,95,0
2025-12-16 18:47:54,1,58,95,10
2025-12-16 18:47:57,0,58,95,15
2025-12-16 18:48:01,2,58,95,9
2025-12-16 18:48:05,1,58,95,6
2025-12-16 18:48:08,8,58,95,0
2025-12-16 18:48:12,0,58,95,0
2025-12-16 18:48:15,24,58,95,0
2025-12-16 18:48:19,30,58,95,0
2025-12-16 18:48:22,1,58,95,5
2025-12-16 18:48:26,21,58,95,4
2025-12-16 18:48:29,16,58,95,0
2025-12-16 18:48:33,5,58,95,0
2025-12-16 18:48:36,7,58,95,2
2025-12-16 18:48:40,24,59,95,6
2025-12-16 18:48:43,7,59,95,4
2025-12-16 18:48:47,2,59,95,1
2025-12-16 18:48:50,21,59,95,1
2025-12-16 18:48:54,30,59,95,6
2025-12-16 18:48:58,12,59,95,4
2025-12-16 18:49:01,37,59,95,8
2025-12-16 18:49:05,33,59,95,1
2025-12-16 18:49:08,32,59,95,1
2025-12-16 18:49:12,8,59,95,4
2025-12-16 18:49:15,38,59,95,7
2025-12-16 18:49:19,38,59,95,1
2025-12-16 18:49:22,16,59,95,4
2025-12-16 18:49:26,32,59,95,2
2025-12-16 18:49:45,27,59,95,5
2025-12-16 18:50:01,24,59,95,0
2025-12-16 18:50:05,30,59,95,1
2025-12-16 18:50:08,38,59,95,0
2025-12-16 18:50:12,38,59,95,1
2025-12-16 18:50:15,37,59,95,2
2025-12-16 18:50:19,47,59,95,3
2025-12-16 18:50:22,33,59,95,4
2025-12-16 18:50:26,43,59,95,3
2025-12-16 18:50:29,49,59,95,7
2025-12-16 18:50:33,26,59,95,3
2025-12-16 18:50:37,30,59,95,3
2025-12-16 18:50:40,47,59,95,1
2025-12-16 18:50:44,54,59,95,4
2025-12-16 18:50:47,32,60,95,3
2025-12-16 18:50:51,29,59,95,1
2025-12-16 18:50:54,33,59,95,1
2025-12-16 18:50:58,33,59,95,1
2025-12-16 18:51:01,26,59,95,1
2025-12-16 18:51:05,41,59,95,15
2025-12-16 18:51:09,26,59,95,1
2025-12-16 18:51:12,24,59,95,1
2025-12-16 18:51:16,30,59,95,1
2025-12-16 18:51:19,33,59,95,1
2025-12-16 18:51:23,44,59,95,1
2025-12-16 18:51:26,38,60,95,1
2025-12-16 18:51:30,38,59,95,4
2025-12-16 18:51:34,37,59,95,0
2025-12-16 18:51:37,26,59,95,0
2025-12-16 18:51:41,27,59,95,1
2025-12-16 18:51:44,1,59,95,0
2025-12-16 18:51:48,30,59,95,6
2025-12-16 18:51:51,2,59,95,2
2025-12-16 18:52:07,0,59,95,2
2025-12-16 18:52:10,15,59,95,4
2025-12-16 18:52:14,26,59,95,3
2025-12-16 18:52:17,47,60,95,3
2025-12-16 18:52:21,13,59,95,6
2025-12-16 18:52:24,5,60,95,3
2025-12-16 18:52:28,1,60,95,3
2025-12-16 18:52:31,26,59,95,11
2025-12-16 18:52:35,26,59,95,9
2025-12-16 18:52:38,23,59,95,7
2025-12-16 18:52:42,4,59,95,7
2025-12-16 18:52:46,21,59,95,20
2025-12-16 18:52:49,22,59,95,1
2025-12-16 18:52:53,2,59,95,4
2025-12-16 18:52:56,8,59,95,0
2025-12-16 18:53:00,16,59,95,6
2025-12-16 19:11:07,47,55,96,0
2025-12-16 19:11:08,24,55,96,0
2025-12-16 19:11:10,27,55,96,0
2025-12-16 19:11:11,18,55,96,0
2025-12-16 19:11:13,12,55,96,0
2025-12-16 19:11:14,21,55,96,0
2025-12-16 19:11:15,31,55,96,0
2025-12-16 19:11:17,26,55,96,0
2025-12-16 19:11:18,22,55,96,0
2025-12-16 19:11:20,44,55,96,0
2025-12-16 19:11:21,23,55,96,0
2025-12-16 19:11:22,21,55,96,0
2025-12-16 19:11:24,19,56,96,0
2025-12-16 19:11:25,11,56,96,0
2025-12-16 19:11:26,16,56,96,0
2025-12-16 19:11:28,16,56,96,0
2025-12-16 19:11:29,20,57,96,0
2025-12-16 19:11:30,24,57,96,0
2025-12-16 19:11:32,20,57,96,0
2025-12-16 19:11:33,17,57,96,0
2025-12-16 19:11:34,12,57,96,0
2025-12-16 19:11:36,15,57,96,0
2025-12-16 19:11:37,15,58,96,0
2025-12-16 19:11:39,19,58,96,0
2025-12-16 19:11:40,24,58,96,0
2025-12-16 19:11:41,21,58,96,0
2025-12-16 19:11:43,33,58,96,0
2025-12-16 19:11:44,32,58,96,0
2025-12-16 19:11:46,20,59,96,0
2025-12-16 19:11:47,19,59,96,0
2025-12-16 19:11:48,20,59,96,0
2025-12-16 19:11:50,21,59,96,0
2025-12-16 19:11:51,22,59,96,0
2025-12-16 19:11:52,21,59,96,0
2025-12-16 19:11:54,22,59,96,0
2025-12-16 19:11:55,24,59,96,0
2025-12-16 19:11:56,25,59,96,0
2025-12-16 19:11:58,21,59,96,0
2025-12-16 19:11:59,23,59,96,0
2025-12-16 19:12:01,28,59,96,0
2025-12-16 19:12:02,29,59,96,0
2025-12-16 19:12:03,26,59,96,0
2025-12-16 19:12:05,18,59,96,0
2025-12-16 19:12:06,22,59,96,0
2025-12-16 19:12:07,18,59,96,0
2025-12-16 19:12:09,16,59,96,0
2025-12-16 19:12:10,22,59,96,0
2025-12-16 19:12:12,17,59,96,0
2025-12-16 19:12:13,27,59,96,0
2025-12-16 19:12:14,29,59,96,0
2025-12-16 19:12:16,27,59,96,0
2025-12-16 19:12:17,25,59,96,0
2025-12-16 19:12:18,20,59,96,0
2025-12-16 19:12:20,27,59,96,0
2025-12-16 19:12:21,33,59,96,0
2025-12-16 19:12:22,33,59,96,0
2025-12-16 19:12:24,21,59,96,0
2025-12-16 19:12:25,23,59,96,0
2025-12-16 19:12:26,19,59,96,0
2025-12-16 19:12:28,22,59,96,0
2025-12-16 19:12:29,22,59,96,0
2025-12-16 19:12:30,23,59,96,0
2025-12-16 19:12:32,25,59,96,0
2025-12-16 19:12:33,20,59,96,0
2025-12-16 19:12:34,18,59,96,0
2025-12-16 19:12:36,22,59,96,0
2025-12-16 19:12:37,21,59,96,0
2025-12-16 19:12:38,18,59,96,0
2025-12-16 19:12:40,27,59,96,0
2025-12-16 19:12:41,16,59,96,0
2025-12-16 19:12:43,16,59,96,0
2025-12-16 19:12:44,14,59,96,0
2025-12-16 19:12:45,16,59,96,0
2025-12-16 19:12:47,20,59,96,0
2025-12-16 19:12:48,20,59,96,0
2025-12-16 19:12:49,17,59,96,0
2025-12-16 19:12:51,24,60,96,0
2025-12-16 19:12:52,25,60,96,0
2025-12-16 19:12:53,21,60,96,0
2025-12-16 19:12:55,18,60,96,0
2025-12-16 19:12:56,21,61,96,0
2025-12-16 19:12:57,21,61,96,0
2025-12-16 19:12:59,19,61,96,0
2025-12-16 19:13:00,22,62,96,0
2025-12-16 19:13:01,32,62,96,0
2025-12-16 19:13:03,32,62,96,0
2025-12-16 19:13:04,21,62,96,0
2025-12-16 19:13:06,20,62,96,0
2025-12-16 19:13:07,24,62,96,0
2025-12-16 19:13:08,17,62,96,0
2025-12-16 19:13:10,25,62,96,0
2025-12-16 19:13:11,25,62,96,0
2025-12-16 19:13:12,26,62,96,0
2025-12-16 19:13:14,26,62,96,0
2025-12-16 19:13:15,30,62,96,0
2025-12-16 19:13:17,34,62,96,0
2025-12-16 19:13:18,34,62,96,0
2025-12-16 19:13:19,39,62,96,0
2025-12-16 19:13:21,42,62,96,0
2025-12-16 19:13:22,35,62,96,0
2025-12-16 19:13:23,38,62,96,0
2025-12-16 19:13:25,40,62,96,0
2025-12-16 19:13:26,35,62,96,0
2025-12-16 19:13:27,33,62,96,0
2025-12-16 19:13:29,35,62,96,0
2025-12-16 19:13:30,41,63,96,0
2025-12-16 19:13:32,35,63,96,0
2025-12-16 19:13:33,36,63,96,0
2025-12-16 19:13:34,32,63,96,0
2025-12-16 19:13:36,33,63,96,0
2025-12-16 19:13:37,30,63,96,0
2025-12-16 19:13:38,35,63,96,0
2025-12-16 19:13:40,30,63,96,0
2025-12-16 19:13:41,32,63,96,0
2025-12-16 19:13:42,27,63,96,0
2025-12-16 19:13:44,14,63,96,0
2025-12-16 19:13:45,19,64,96,0
2025-12-16 19:13:46,24,63,96,0
2025-12-16 19:13:48,24,63,96,0
2025-12-16 19:13:49,22,63,96,0
2025-12-16 19:14:11,41,63,96,2
2025-12-16 19:14:56,43,63,96,4
2025-12-16 19:15:00,41,63,96,3
2025-12-16 19:15:03,40,64,96,1
2025-12-16 19:15:07,51,64,96,1
2025-12-16 19:15:10,41,64,96,2
2025-12-16 19:15:14,43,64,96,3
2025-12-16 19:15:17,43,64,96,1
2025-12-16 19:15:21,30,63,96,0
2025-12-16 19:15:24,33,63,96,0
2025-12-16 19:15:28,40,63,96,0
2025-12-16 19:15:31,21,63,96,0
2025-12-16 19:15:35,40,63,96,0
2025-12-16 19:15:38,36,63,96,0
2025-12-16 19:15:42,47,63,96,0
2025-12-16 19:15:45,1,63,96,0
2025-12-16 19:15:49,1,63,96,0
2025-12-16 19:15:52,1,63,96,0
2025-12-16 19:15:56,1,63,96,0
2025-12-16 19:15:59,0,63,96,0
2025-12-16 19:16:03,1,63,96,0
2025-12-16 19:16:06,2,63,96,0
2025-12-16 19:16:10,1,63,96,0
2025-12-16 19:16:13,22,63,96,0
2025-12-16 19:16:17,27,63,96,0
2025-12-16 19:16:21,29,63,96,1
2025-12-16 19:16:24,27,63,96,0
2025-12-16 19:16:28,37,63,96,0
2025-12-16 19:16:31,32,63,96,0
2025-12-16 19:16:35,21,63,96,0
2025-12-16 19:16:38,40,63,96,0
2025-12-16 19:16:42,38,64,96,0
2025-12-16 19:16:45,32,64,96,0
2025-12-16 19:16:49,40,64,96,0
2025-12-16 19:16:52,40,64,96,0
2025-12-16 19:16:56,37,64,96,0
2025-12-16 19:17:00,35,64,96,0
2025-12-16 19:17:03,38,64,96,0
2025-12-16 19:17:07,19,64,96,0
2025-12-16 19:17:10,32,64,96,0
2025-12-16 19:17:14,29,64,96,0
2025-12-16 19:17:17,40,64,96,0
2025-12-16 19:17:21,30,64,96,0
2025-12-16 19:17:24,30,64,96,0
2025-12-16 19:17:28,33,64,96,0
2025-12-16 19:17:31,38,64,96,0
2025-12-16 19:17:35,33,64,96,0
2025-12-16 19:17:38,29,64,96,0
2025-12-16 19:17:42,23,64,96,0
2025-12-16 19:17:45,22,64,96,0
2025-12-16 19:17:49,27,64,96,0
2025-12-16 19:17:52,21,64,96,0
2025-12-16 19:17:56,22,64,96,0
2025-12-16 19:17:59,22,64,96,0
2025-12-16 19:18:03,23,64,96,0
2025-12-16 19:18:06,27,64,96,0
2025-12-16 19:18:10,11,64,96,0
2025-12-16 19:18:14,33,64,96,0
2025-12-16 19:18:17,33,64,96,0
2025-12-16 19:18:21,27,64,96,1
2025-12-16 19:18:24,21,64,96,0
2025-12-16 19:18:28,47,64,96,0
2025-12-16 19:18:31,33,64,96,0
2025-12-16 19:18:35,23,64,96,0
2025-12-16 19:18:38,18,64,96,1
2025-12-16 19:18:42,22,64,96,0
2025-12-16 19:18:45,19,64,96,0
2025-12-16 19:18:49,29,64,96,1
2025-12-16 19:18:53,18,64,96,0
2025-12-16 19:18:56,30,64,96,1
2025-12-16 19:19:00,35,64,96,1
2025-12-16 19:19:03,26,64,96,1
2025-12-16 19:19:07,32,64,96,1
2025-12-16 19:19:10,27,64,96,1
2025-12-16 19:19:14,24,64,96,1
2025-12-16 19:19:17,27,64,96,1
2025-12-16 19:19:21,32,64,96,1
2025-12-16 19:19:24,29,64,96,1
2025-12-16 19:19:28,30,64,96,1
2025-12-16 19:19:31,35,64,96,1
2025-12-16 19:19:35,35,64,96,1
2025-12-16 19:19:38,32,64,96,1
2025-12-16 19:19:42,27,64,96,1
2025-12-16 19:19:46,2,64,96,1
2025-12-16 19:19:49,1,64,96,1
2025-12-16 19:19:53,0,63,96,1
2025-12-16 19:19:56,16,64,96,0
2025-12-16 19:20:00,22,64,96,1
2025-12-16 19:20:03,22,64,96,1
2025-12-16 19:20:07,13,64,96,6
2025-12-16 19:20:10,1,64,96,7
2025-12-16 19:20:14,15,64,96,18
2025-12-16 19:20:17,46,64,96,3
2025-12-16 19:20:21,36,63,96,1
2025-12-16 19:20:25,7,63,96,1
2025-12-16 19:20:28,24,64,96,12
2025-12-16 19:20:32,13,63,96,2
2025-12-16 19:20:35,36,64,96,16
2025-12-16 19:20:39,46,64,96,2
2025-12-16 19:20:42,23,63,96,1
2025-12-16 19:20:46,15,63,96,0
2025-12-16 19:20:50,10,63,96,0
2025-12-16 19:20:53,12,63,96,0
2025-12-16 19:20:57,12,63,96,0
2025-12-16 19:21:00,19,63,96,0
2025-12-16 19:21:04,16,63,96,0
2025-12-16 19:21:07,12,63,96,0
2025-12-16 19:21:11,16,63,96,0
2025-12-16 19:21:15,21,63,96,9
2025-12-16 19:21:18,38,63,96,4
2025-12-16 19:21:22,35,63,96,12
2025-12-16 19:21:25,38,63,96,2
2025-12-16 19:21:29,18,63,96,2
2025-12-16 19:21:32,29,63,96,8
2025-12-16 19:21:36,21,63,96,0
2025-12-16 19:21:39,21,63,96,0
2025-12-16 19:21:43,22,63,96,10
2025-12-16 19:21:46,27,63,96,1
2025-12-16 19:21:50,18,63,96,22
2025-12-16 19:21:54,44,64,96,7
2025-12-16 19:21:57,27,64,96,7
2025-12-16 19:22:01,38,64,96,19
2025-12-16 19:22:05,46,64,96,1
2025-12-16 19:22:08,46,64,96,5
2025-12-16 19:22:12,19,64,96,1
2025-12-16 19:22:15,19,64,96,0
2025-12-16 19:22:19,22,64,96,0
2025-12-16 19:22:22,27,64,96,0
2025-12-16 19:22:26,18,64,96,0
2025-12-16 19:22:29,27,64,96,0
2025-12-16 19:22:33,44,64,96,9
2025-12-16 19:22:37,37,64,96,10
2025-12-16 19:22:40,38,64,96,6
2025-12-16 19:22:44,33,64,96,6
2025-12-16 19:22:48,27,64,96,8
2025-12-16 19:22:51,35,64,96,6
2025-12-16 19:22:55,30,64,96,7
2025-12-16 19:22:59,57,64,96,13
2025-12-16 19:23:02,57,64,96,8
2025-12-16 19:23:06,43,64,96,1
2025-12-16 19:23:09,54,64,96,2
2025-12-16 19:23:13,49,64,96,6
2025-12-16 19:23:17,40,64,96,3
2025-12-16 19:23:20,43,64,96,9
2025-12-16 19:23:24,46,64,96,6
2025-12-16 19:23:27,57,64,96,5
2025-12-16 19:23:31,49,64,96,7
2025-12-16 19:23:34,47,64,96,2
2025-12-16 19:23:38,43,65,96,1
2025-12-16 19:23:42,46,65,96,1
2025-12-16 19:23:45,10,65,96,5
2025-12-16 19:23:49,2,65,96,8
2025-12-16 19:23:52,0,64,96,7
2025-12-16 19:23:56,4,64,96,16
2025-12-16 19:24:00,1,64,96,7
2025-12-16 19:24:03,4,64,96,0
2025-12-16 19:24:07,0,64,96,0
2025-12-16 19:24:10,4,64,96,9
2025-12-16 19:24:14,35,64,96,8
2025-12-16 19:24:18,37,64,96,9
2025-12-16 19:24:21,38,64,96,10
2025-12-16 19:24:25,32,64,96,12
2025-12-16 19:24:28,41,64,96,14
2025-12-16 19:24:32,46,64,96,6
2025-12-16 19:24:36,46,64,96,6
2025-12-16 19:24:39,69,64,96,5
2025-12-16 19:24:43,41,64,96,9
2025-12-16 19:24:47,41,64,96,2
2025-12-16 19:24:50,40,64,96,3
2025-12-16 19:24:54,32,65,96,7
2025-12-16 19:24:57,44,65,96,5
2025-12-16 19:25:01,49,65,96,5
2025-12-16 19:25:05,68,65,96,19
2025-12-16 19:25:08,35,65,96,1
2025-12-16 19:25:12,60,66,96,6
2025-12-16 19:25:15,51,66,96,2
2025-12-16 19:25:19,40,66,96,7
2025-12-16 19:25:22,32,65,96,5
2025-12-16 19:25:26,37,65,96,5
2025-12-16 19:25:30,37,65,96,15
2025-12-16 19:25:33,66,65,96,4
2025-12-16 19:25:37,35,65,96,4
2025-12-16 19:25:40,29,65,96,7
2025-12-16 19:25:44,40,65,96,13
2025-12-16 19:25:48,44,65,96,6
2025-12-16 19:25:51,41,65,96,4
2025-12-16 19:25:55,40,65,96,7
2025-12-16 19:25:58,32,65,96,1
2025-12-16 19:26:02,35,65,96,0
2025-12-16 19:26:05,19,65,96,1
2025-12-16 19:26:09,19,65,96,0
2025-12-16 19:26:12,21,65,96,0
2025-12-16 19:26:16,35,65,96,0
2025-12-16 19:26:19,30,65,96,7
2025-12-16 19:26:23,33,65,96,1
2025-12-16 19:26:26,38,65,96,3
2025-12-16 19:26:30,35,65,96,9
2025-12-16 19:26:34,41,65,96,4
2025-12-16 19:26:37,35,65,96,5
2025-12-16 19:26:40,41,65,96,1
2025-12-16 19:26:44,27,65,96,1
2025-12-16 19:26:47,41,65,96,8
2025-12-16 19:26:51,38,65,96,11
2025-12-16 19:26:55,47,65,96,26
2025-12-16 19:26:58,37,65,96,19
2025-12-16 19:27:02,35,65,96,7
2025-12-16 19:27:05,51,65,96,3
2025-12-16 19:27:09,27,65,96,3
2025-12-16 19:27:12,49,65,96,2
2025-12-16 19:27:16,36,66,96,2
2025-12-16 19:27:19,33,66,96,3
2025-12-16 19:27:23,44,66,96,10
2025-12-16 19:27:26,44,66,96,12
2025-12-16 19:27:30,52,66,96,6
2025-12-16 19:27:33,41,66,96,2
2025-12-16 19:27:37,44,66,96,4
2025-12-16 19:27:40,52,66,96,8
2025-12-16 19:27:44,4,66,96,2
2025-12-16 19:27:47,0,66,96,7
2025-12-16 19:27:51,2,66,96,3
2025-12-16 19:27:55,2,66,96,4
2025-12-16 19:27:58,1,66,96,1
2025-12-16 19:28:02,0,66,96,0
2025-12-16 19:28:05,1,66,96,3
2025-12-16 19:28:09,4,66,96,0
2025-12-16 19:28:12,5,66,96,0
2025-12-16 19:28:16,47,66,96,6
2025-12-16 19:28:19,38,66,96,4
2025-12-16 19:28:23,35,66,96,4
2025-12-16 19:28:26,10,66,96,7
2025-12-16 19:28:30,22,67,96,2
2025-12-16 19:28:33,19,66,96,5
2025-12-26,16:34:18,57,49,"0.0 Kbps","0.0 Kbps","0 KB/s","8.3 MB/s"
2025-12-26,16:34:23,14,49,"10.7 Kbps","2.0 Kbps","0 KB/s","0 KB/s"
2025-12-26,16:34:28,17,49,"167.2 Kbps","45.0 Kbps","19.8 KB/s","13.2 MB/s"
2025-12-26,16:34:32,20,49,"24.4 Kbps","47.5 Kbps","0 KB/s","3.1 MB/s"
2025-12-26,16:34:37,16,50,"97.5 Kbps","146.1 Kbps","0 KB/s","177.7 KB/s"
2025-12-26,16:34:42,12,49,"37.7 Kbps","99.2 Kbps","0 KB/s","867.5 KB/s"
2025-12-26,16:34:46,13,50,"61.8 Kbps","57.6 Kbps","1.1 MB/s","393.5 KB/s"
2025-12-26,16:34:51,19,51,"31.5 Kbps","38.9 Kbps","2.7 MB/s","111.9 KB/s"
2025-12-26,16:34:55,17,50,"29.3 Kbps","37.4 Kbps","174.9 KB/s","3.1 MB/s"
2025-12-26,16:35:00,14,50,"13.5 Kbps","433.9 Kbps","0 KB/s","3.3 MB/s"
2025-12-26,16:35:05,24,50,"63.2 Kbps","17.3 Kbps","1.6 MB/s","3.5 MB/s"
2025-12-26,16:35:09,100,50,"0.4 Kbps","1.0 Kbps","0 KB/s","163.9 KB/s"
2025-12-26,16:35:14,100,50,"10.2 Kbps","10.5 Kbps","0 KB/s","119.4 KB/s"
2025-12-26,16:35:18,100,50,"1.3 Kbps","2.0 Kbps","103.3 KB/s","107.3 KB/s"
2025-12-26,16:35:23,100,50,"12.7 Kbps","121.0 Kbps","0 KB/s","79.4 KB/s"
2025-12-26,16:35:27,100,50,"0.2 Kbps","1.1 Kbps","0 KB/s","3.1 MB/s"
2025-12-26,16:35:32,100,50,"50.2 Kbps","30.4 Kbps","35.8 KB/s","3.4 MB/s"
2025-12-26,16:35:36,100,51,"0.8 Kbps","2.0 Kbps","24.0 KB/s","563.1 KB/s"
2025-12-26,16:35:41,100,51,"16.5 Kbps","14.4 Kbps","4.5 KB/s","28.5 KB/s"
2025-12-26,16:35:46,91,51,"8.3 Kbps","2.9 Kbps","4.5 KB/s","84.4 KB/s"
2025-12-26,16:35:50,27,51,"124.4 Kbps","30.9 Kbps","114.2 KB/s","78.5 KB/s"
2025-12-26,16:35:55,33,51,"182.6 Kbps","258.1 Kbps","0 KB/s","4.0 KB/s"
2025-12-26,16:36:00,30,51,"48.5 Kbps","7.1 Kbps","71.7 KB/s","7.3 MB/s"
2025-12-26,16:36:04,26,52,"41.3 Kbps","1.9 Mbps","0 KB/s","3.1 MB/s"
2025-12-26,16:36:09,20,52,"11.4 Kbps","24.8 Kbps","0 KB/s","3.1 MB/s"
2025-12-26,16:36:13,15,52,"9.4 Kbps","9.8 Kbps","0 KB/s","222.8 KB/s"
2025-12-26,16:36:18,16,51,"4.5 Kbps","14.9 Kbps","0 KB/s","27.8 KB/s"
2025-12-26,16:36:22,22,51,"39.2 Kbps","41.6 Kbps","0 KB/s","0 KB/s"
2025-12-26,16:36:27,20,51,"20.6 Kbps","13.6 Kbps","0 KB/s","0 KB/s"
2025-12-26,16:36:31,20,51,"79.7 Kbps","26.5 Kbps","4.5 KB/s","3.1 MB/s"
2025-12-26,16:36:36,14,51,"12.2 Kbps","11.3 Kbps","0 KB/s","3.5 MB/s"
2025-12-26,16:36:40,15,51,"2.7 Kbps","6.7 Kbps","32.0 KB/s","40.0 KB/s"
2025-12-26,16:36:45,20,51,"15.5 Kbps","21.5 Kbps","0 KB/s","35.5 KB/s"
2025-12-26,16:36:49,18,50,"0.6 Kbps","0.5 Kbps","0 KB/s","0 KB/s"
2025-12-26,16:36:54,15,50,"2.5 Kbps","3.1 Kbps","0 KB/s","115.5 KB/s"
2025-12-26,16:36:58,16,50,"0.0 Kbps","0.4 Kbps","0 KB/s","19.9 KB/s"
2025-12-26,16:37:03,9,50,"0.8 Kbps","0.9 Kbps","0 KB/s","23.9 KB/s"
2025-12-26,16:37:07,8,50,"0.3 Kbps","0.8 Kbps","0 KB/s","3.1 MB/s"
2025-12-26,16:37:12,11,50,"29.3 Kbps","28.5 Kbps","4.5 KB/s","3.1 MB/s"
2025-12-26,16:37:16,12,50,"0.1 Kbps","0.8 Kbps","36.5 KB/s","324.1 KB/s"
2025-12-26,16:37:21,13,51,"0.7 Kbps","0.6 Kbps","138.0 KB/s","224.8 KB/s"
2025-12-26,16:37:26,11,50,"81.9 Kbps","55.5 Kbps","0 KB/s","23.7 KB/s"
2025-12-26,16:37:30,11,51,"19.0 Kbps","5.0 Kbps","0 KB/s","39.9 KB/s"
2025-12-26,16:37:35,19,50,"65.9 Kbps","35.0 Kbps","0 KB/s","95.9 KB/s"
2025-12-26,16:37:39,16,51,"149.6 Kbps","237.9 Kbps","39.8 KB/s","3.3 MB/s"
2025-12-26,16:37:44,14,51,"66.0 Kbps","13.8 Kbps","0 KB/s","3.1 MB/s"
2025-12-26,16:37:48,10,51,"16.4 Kbps","1.6 Kbps","0 KB/s","0 KB/s"
2025-12-26,16:37:53,17,51,"43.5 Kbps","27.3 Kbps","0 KB/s","15.8 KB/s"
2025-12-26,16:37:57,15,51,"67.0 Kbps","36.1 Kbps","12.4 KB/s","346.5 KB/s"
2025-12-26,16:38:02,18,51,"93.1 Kbps","97.7 Kbps","4.5 KB/s","176.4 KB/s"
2025-12-26,16:38:07,18,51,"201.7 Kbps","293.8 Kbps","2.2 MB/s","4.5 KB/s"
2025-12-26,16:38:11,14,51,"34.9 Kbps","39.3 Kbps","15.8 KB/s","3.1 MB/s"
2025-12-26,16:38:16,17,49,"3.3 Kbps","50.5 Kbps","565.6 KB/s","3.1 MB/s"
2025-12-26,16:38:20,20,49,"49.6 Kbps","38.0 Kbps","79.9 KB/s","12.0 KB/s"
2025-12-26,16:38:25,15,49,"145.6 Kbps","195.7 Kbps","155.9 KB/s","13.0 MB/s"
2025-12-26,16:38:29,11,49,"41.6 Kbps","7.0 Kbps","20.0 KB/s","271.8 KB/s"
2025-12-26,16:38:34,14,49,"237.9 Kbps","29.1 Kbps","0 KB/s","0 KB/s"
2025-12-26,16:38:38,16,49,"5.7 Kbps","9.2 Kbps","67.9 KB/s","4.0 MB/s"
2025-12-26,16:38:43,24,48,"78.4 Kbps","89.5 Kbps","5.4 MB/s","3.3 MB/s"
2025-12-26,16:38:48,16,48,"55.0 Kbps","3.9 Kbps","208.2 KB/s","1.1 MB/s"
2025-12-26,16:38:52,10,48,"250.7 Kbps","7.3 Kbps","0 KB/s","1.2 MB/s"
2025-12-26,16:38:57,14,48,"39.9 Kbps","26.2 Kbps","0 KB/s","531.5 KB/s"
2025-12-26,16:39:01,16,48,"22.3 Kbps","29.3 Kbps","0 KB/s","191.8 KB/s"
2025-12-26,16:39:06,11,48,"29.2 Kbps","36.1 Kbps","6.4 MB/s","71.8 KB/s"
2025-12-26,16:39:10,18,48,"43.6 Kbps","231.9 Kbps","10.6 MB/s","743.2 KB/s"
2025-12-26,16:39:15,37,49,"96.5 Kbps","190.4 Kbps","31.9 KB/s","5.6 MB/s"
2025-12-26,16:39:20,32,49,"79.4 Kbps","52.3 Kbps","653.6 KB/s","3.2 MB/s"
2025-12-26,16:39:24,26,48,"293.2 Kbps","347.4 Kbps","74.5 KB/s","28.0 KB/s"
2025-12-26,16:39:29,12,48,"137.8 Kbps","420.3 Kbps","165.3 KB/s","24.0 KB/s"
2025-12-26,16:39:33,16,48,"233.4 Kbps","451.9 Kbps","929.5 KB/s","84.0 KB/s"
2025-12-26,16:39:38,20,48,"56.7 Kbps","207.7 Kbps","4.5 KB/s","87.7 KB/s"
2025-12-26,16:39:43,26,48,"21.9 Kbps","363.2 Kbps","79.1 KB/s","3.4 MB/s"
2025-12-26,16:39:47,18,48,"100.9 Kbps","524.1 Kbps","70.8 KB/s","3.1 MB/s"
2025-12-26,16:39:52,17,48,"24.6 Kbps","191.7 Kbps","206.5 KB/s","226.4 KB/s"
2025-12-26,16:39:56,17,49,"78.9 Kbps","65.7 Kbps","0 KB/s","251.6 KB/s"
2025-12-26,16:40:01,21,49,"49.9 Kbps","31.9 Kbps","0 KB/s","173.5 KB/s"
2025-12-26,16:40:05,23,48,"350.4 Kbps","27.4 Kbps","0 KB/s","75.8 KB/s"
2025-12-26,16:40:10,15,49,"67.3 Kbps","55.9 Kbps","16.1 KB/s","1.7 MB/s"
2025-12-26,16:40:15,16,48,"29.8 Kbps","243.0 Kbps","0 KB/s","23.9 KB/s"
2025-12-26,16:40:19,11,48,"46.7 Kbps","680.2 Kbps","0 KB/s","3.2 MB/s"
2025-12-26,16:40:24,8,48,"70.0 Kbps","1.2 Mbps","301.1 KB/s","3.1 MB/s"
2025-12-26,16:40:28,7,48,"45.2 Kbps","734.8 Kbps","4.5 KB/s","40.3 KB/s"
2025-12-26,16:40:33,10,48,"217.2 Kbps","263.3 Kbps","81.5 MB/s","2.4 MB/s"
2025-12-26,16:40:38,12,49,"27.6 Kbps","31.3 Kbps","63.3 KB/s","5.1 MB/s"
2025-12-26,16:40:42,24,50,"36.8 Kbps","39.7 Kbps","0 KB/s","5.9 MB/s"
2025-12-26,16:40:47,24,50,"13.7 Kbps","11.7 Kbps","7.9 KB/s","128.5 MB/s"
2025-12-26,16:40:51,18,48,"0.0 Kbps","0.3 Kbps","99.7 KB/s","146.8 KB/s"
2025-12-26,16:40:56,22,48,"5.8 Kbps","10.4 Kbps","0 KB/s","443.0 KB/s"
2025-12-26,16:41:01,20,48,"0.6 Kbps","0.5 Kbps","1.6 MB/s","2.4 MB/s"
2025-12-26,16:41:05,21,48,"35.6 Kbps","19.8 Kbps","2.0 MB/s","55.5 KB/s"
2025-12-26,16:41:10,25,48,"66.5 Kbps","68.6 Kbps","2.8 MB/s","371.8 KB/s"
2025-12-26,16:41:15,27,47,"12.6 Kbps","103.8 Kbps","2.9 MB/s","68.0 KB/s"
2025-12-26,16:41:19,19,47,"13.9 Kbps","27.7 Kbps","1.5 MB/s","3.2 MB/s"
2025-12-26,16:41:24,22,47,"19.8 Kbps","305.0 Kbps","4.5 KB/s","84.2 KB/s"
2025-12-26,16:41:29,19,47,"35.6 Kbps","466.1 Kbps","4.5 KB/s","48.2 KB/s"
2025-12-26,16:41:33,12,48,"31.3 Kbps","22.5 Kbps","39.5 MB/s","253.9 KB/s"
2025-12-26,16:41:38,24,48,"260.2 Kbps","591.7 Kbps","3.8 MB/s","159.3 KB/s"
2025-12-26,16:41:43,17,48,"309.3 Kbps","391.7 Kbps","8.6 MB/s","3.2 MB/s"
2025-12-26,16:41:47,14,48,"44.5 Kbps","46.1 Kbps","218.6 KB/s","0 KB/s"
2025-12-26,16:41:52,13,48,"53.5 Kbps","546.9 Kbps","284.7 KB/s","0 KB/s"
2025-12-26,16:41:57,10,48,"55.0 Kbps","1.2 Mbps","255.2 KB/s","0 KB/s"
2025-12-26,16:42:01,9,48,"13.4 Kbps","75.1 Kbps","2.0 KB/s","18.0 KB/s"
2025-12-26,16:42:06,6,49,"7.4 Kbps","4.8 Kbps","3.0 MB/s","398.0 KB/s"
2025-12-26,16:42:10,15,49,"65.6 Kbps","261.2 Kbps","144.0 KB/s","16.0 KB/s"
2025-12-26,16:42:15,17,49,"58.4 Kbps","58.7 Kbps","8.0 KB/s","4.9 MB/s"
2025-12-26,16:42:20,10,49,"1.4 Kbps","0.7 Kbps","32.3 KB/s","76.1 KB/s"
2025-12-26,16:42:24,7,49,"26.2 Kbps","22.4 Kbps","4.5 KB/s","20.5 KB/s"
2025-12-26,16:42:29,9,49,"0.8 Kbps","11.9 Kbps","245.4 KB/s","47.9 KB/s"
2025-12-26,16:42:33,7,49,"1.2 Kbps","2.5 Kbps","0 KB/s","15.9 KB/s"
2025-12-26,16:42:38,8,49,"0.4 Kbps","1.2 Kbps","0 KB/s","3.4 MB/s"
2025-12-26,16:42:43,6,49,"3.1 Kbps","2.3 Kbps","0 KB/s","4.1 MB/s"
2025-12-26,16:42:47,6,49,"0.1 Kbps","1.0 Kbps","0 KB/s","27.7 KB/s"
2025-12-26,16:42:52,13,49,"0.5 Kbps","1.0 Kbps","0 KB/s","35.9 KB/s"
2025-12-26,16:42:57,9,49,"8.1 Kbps","6.2 Kbps","8.0 KB/s","0 KB/s"
2025-12-26,16:43:01,9,49,"10.0 Kbps","2.6 Kbps","165.6 KB/s","0 KB/s"
2025-12-26,16:43:06,6,49,"61.5 Kbps","16.2 Kbps","0 KB/s","67.3 KB/s"
2025-12-26,16:43:10,7,49,"40.1 Kbps","34.9 Kbps","4.5 KB/s","3.3 MB/s"
2025-12-26,16:43:15,5,49,"81.2 Kbps","5.9 Kbps","44.3 KB/s","3.1 MB/s"
2025-12-26,16:43:20,17,49,"295.1 Kbps","19.9 Kbps","36.0 KB/s","193.7 KB/s"
2025-12-26,16:43:24,10,49,"26.2 Kbps","13.5 Kbps","754.5 KB/s","0 KB/s"
2025-12-26,16:43:29,11,49,"9.4 Kbps","11.6 Kbps","0 KB/s","19.8 KB/s"
2025-12-26,16:43:33,9,49,"6.1 Kbps","1.0 Kbps","0 KB/s","0 KB/s"
2025-12-26,16:43:38,10,49,"8.2 Kbps","3.3 Kbps","31.8 KB/s","3.2 MB/s"
2025-12-26,16:43:43,7,48,"0.4 Kbps","0.4 Kbps","0 KB/s","3.2 MB/s"
2025-12-26,16:43:47,8,49,"18.3 Kbps","10.7 Kbps","0 KB/s","16.0 KB/s"
2025-12-26,16:43:52,10,49,"0.5 Kbps","1.2 Kbps","0 KB/s","732.3 KB/s"
2025-12-26,16:43:56,13,49,"2.1 Kbps","2.1 Kbps","0 KB/s","163.4 KB/s"
2025-12-26,16:44:01,8,49,"29.1 Kbps","17.5 Kbps","0 KB/s","0 KB/s"
2025-12-26,16:44:06,9,49,"0.4 Kbps","1.5 Kbps","4.5 KB/s","92.2 KB/s"
2025-12-26,16:44:10,7,49,"0.7 Kbps","2.7 Kbps","4.5 KB/s","3.1 MB/s"
2025-12-26,16:44:15,6,49,"0.2 Kbps","11.0 Kbps","0 KB/s","3.1 MB/s"
2025-12-26,16:44:19,8,49,"1.9 Kbps","1.5 Kbps","47.6 KB/s","0 KB/s"
2025-12-26,16:44:24,10,49,"9.7 Kbps","2.7 Kbps","0 KB/s","0 KB/s"
2025-12-26,16:44:29,9,48,"0.1 Kbps","0.8 Kbps","0 KB/s","118.7 KB/s"
2025-12-26,16:44:33,8,49,"0.0 Kbps","0.0 Kbps","0 KB/s","336.0 KB/s"
2025-12-26,16:44:38,7,49,"0.1 Kbps","0.4 Kbps","0 KB/s","3.1 MB/s"
2025-12-26,16:44:42,11,49,"0.8 Kbps","1.2 Kbps","0 KB/s","3.1 MB/s"
2025-12-26,16:44:47,10,49,"0.5 Kbps","0.5 Kbps","0 KB/s","218.9 KB/s"
2025-12-26,16:44:52,9,49,"0.1 Kbps","0.7 Kbps","0 KB/s","0 KB/s"
2025-12-26,16:44:56,10,49,"0.1 Kbps","0.3 Kbps","4.5 KB/s","76.4 KB/s"
2025-12-26,16:45:01,15,49,"0.0 Kbps","0.9 Kbps","4.5 KB/s","36.3 KB/s"
2025-12-26,16:45:05,6,49,"0.7 Kbps","0.8 Kbps","0 KB/s","60.0 KB/s"
2025-12-26,16:45:10,8,49,"59.6 Kbps","42.1 Kbps","4.0 KB/s","3.1 MB/s"
2025-12-26,16:45:15,8,49,"4.1 Kbps","16.2 Kbps","0 KB/s","3.1 MB/s"
2025-12-26,16:45:19,8,49,"38.7 Kbps","19.3 Kbps","271.1 KB/s","303.0 KB/s"
2025-12-26,16:45:24,6,48,"23.2 Kbps","132.6 Kbps","0 KB/s","59.9 KB/s"
2025-12-26,16:45:28,12,48,"8.0 Kbps","5.8 Kbps","0 KB/s","103.8 KB/s"
2025-12-26,16:45:33,11,48,"26.9 Kbps","20.9 Kbps","0 KB/s","158.0 KB/s"
2025-12-26,16:45:38,6,48,"3.4 Kbps","0.9 Kbps","0 KB/s","31.9 KB/s"
2025-12-26,16:45:42,6,48,"7.0 Kbps","3.6 Kbps","0 KB/s","0 KB/s"
2025-12-26,16:45:47,7,49,"8.3 Kbps","6.2 Kbps","4.4 KB/s","107.1 KB/s"
2025-12-26,16:45:52,11,49,"0.1 Kbps","0.7 Kbps","88.2 KB/s","84.2 KB/s"
2025-12-26,16:45:56,12,49,"0.2 Kbps","0.4 Kbps","4.5 KB/s","52.1 KB/s"
2025-12-26,16:46:01,7,49,"27.6 Kbps","32.5 Kbps","40.0 KB/s","32.0 KB/s"
2025-12-26,16:46:05,15,49,"15.7 Kbps","4.5 Kbps","31.8 KB/s","0 KB/s"
2025-12-26,16:46:10,8,49,"28.4 Kbps","17.6 Kbps","63.2 KB/s","3.1 MB/s"
2025-12-26,16:46:15,6,49,"0.5 Kbps","19.1 Kbps","0 KB/s","0 KB/s"
2025-12-26,16:46:19,7,48,"11.9 Kbps","13.3 Kbps","0 KB/s","71.2 KB/s"
2025-12-26,16:46:24,8,49,"5.2 Kbps","4.0 Kbps","0 KB/s","781.9 KB/s"
2025-12-26,16:46:29,7,49,"9.4 Kbps","11.9 Kbps","0 KB/s","15.9 KB/s"
2025-12-26,16:46:33,9,49,"15.9 Kbps","10.0 Kbps","0 KB/s","0 KB/s"
2025-12-26,16:46:38,14,49,"0.1 Kbps","0.5 Kbps","0 KB/s","135.1 KB/s"
2025-12-26,16:46:42,12,49,"17.2 Kbps","16.2 Kbps","4.5 KB/s","20.3 KB/s"
2025-12-26,16:46:47,10,49,"0.1 Kbps","0.3 Kbps","4.5 KB/s","16.3 KB/s"
2025-12-26,16:46:52,7,49,"0.0 Kbps","0.7 Kbps","0 KB/s","202.7 KB/s"
2025-12-26,16:46:56,8,49,"112.1 Kbps","84.4 Kbps","0 KB/s","24.0 KB/s"
2025-12-26,16:47:01,13,49,"5.1 Kbps","37.0 Kbps","0 KB/s","0 KB/s"
2025-12-26,16:47:06,15,49,"33.0 Kbps","26.2 Kbps","0 KB/s","3.1 MB/s"
2025-12-26,16:47:11,18,49,"23.2 Kbps","148.1 Kbps","0 KB/s","0 KB/s"
2025-12-26,16:47:15,13,49,"15.8 Kbps","127.1 Kbps","0 KB/s","4.0 KB/s"
2025-12-26,16:47:20,6,49,"0.5 Kbps","1.3 Kbps","0 KB/s","115.7 KB/s"
2025-12-26,16:47:24,6,49,"5.4 Kbps","3.2 Kbps","0 KB/s","0 KB/s"
2025-12-26,16:47:29,9,48,"3.0 Kbps","12.5 Kbps","0 KB/s","104.1 KB/s"
2025-12-26,16:47:34,8,49,"0.0 Kbps","0.9 Kbps","0 KB/s","0 KB/s"
2025-12-26,16:47:38,8,49,"0.4 Kbps","0.6 Kbps","4.5 KB/s","3.1 MB/s"
2025-12-26,16:47:43,16,49,"24.6 Kbps","25.3 Kbps","16.3 KB/s","91.3 KB/s"
2025-12-26,16:47:48,10,49,"47.8 Kbps","22.9 Kbps","4.5 KB/s","20.3 KB/s"
2025-12-26,16:47:52,7,49,"0.0 Kbps","0.8 Kbps","3.7 MB/s","0 KB/s"
2025-12-26,16:47:57,10,49,"96.0 Kbps","8.8 Kbps","0 KB/s","0 KB/s"
2025-12-26,16:48:01,8,49,"0.5 Kbps","1.4 Kbps","0 KB/s","4.2 MB/s"
2025-12-26,16:48:06,8,49,"1.1 Kbps","2.3 Kbps","0 KB/s","3.1 MB/s"
2025-12-26,16:48:11,11,49,"0.5 Kbps","2.4 Kbps","0 KB/s","99.8 KB/s"
2025-12-26,16:48:15,9,49,"32.1 Kbps","54.4 Kbps","0 KB/s","0 KB/s"
2025-12-26,16:48:20,8,49,"2.4 Kbps","1.3 Kbps","0 KB/s","127.0 KB/s"
2025-12-26,16:48:24,5,49,"0.1 Kbps","2.0 Kbps","0 KB/s","0 KB/s"
2025-12-26,16:48:29,5,49,"0.5 Kbps","0.5 Kbps","0 KB/s","11.9 KB/s"
2025-12-26,16:48:33,5,49,"11.8 Kbps","27.2 Kbps","4.5 KB/s","474.1 KB/s"
2025-12-26,16:48:38,6,49,"7.7 Kbps","13.9 Kbps","4.5 KB/s","3.1 MB/s"
2025-12-26,16:48:43,6,49,"0.7 Kbps","4.9 Kbps","0 KB/s","27.9 KB/s"
2025-12-26,16:48:47,12,49,"0.1 Kbps","7.7 Kbps","0 KB/s","0 KB/s"
2025-12-26,16:48:52,8,49,"0.5 Kbps","4.0 Kbps","0 KB/s","0 KB/s"
2025-12-26,16:48:57,6,49,"19.5 Kbps","18.2 Kbps","0 KB/s","4.0 KB/s"
2025-12-26,16:49:01,5,49,"0.4 Kbps","0.4 Kbps","0 KB/s","3.2 MB/s"
2025-12-26,16:49:06,5,49,"0.1 Kbps","0.8 Kbps","0 KB/s","3.1 MB/s"
2025-12-26,16:49:10,6,49,"9.1 Kbps","11.2 Kbps","0 KB/s","0 KB/s"
2025-12-26,16:49:15,9,49,"0.6 Kbps","2.4 Kbps","0 KB/s","0 KB/s"
2025-12-26,16:49:19,6,49,"0.3 Kbps","0.7 Kbps","0 KB/s","333.1 KB/s"
2025-12-26,16:49:24,6,48,"0.1 Kbps","0.9 Kbps","4.5 KB/s","202.9 KB/s"
2025-12-26,16:49:28,6,49,"0.4 Kbps","0.7 Kbps","4.5 KB/s","28.2 KB/s"
2025-12-26,16:49:33,8,49,"9.2 Kbps","2.9 Kbps","0 KB/s","63.4 KB/s"
2025-12-26,16:49:38,8,49,"14.7 Kbps","6.5 Kbps","0 KB/s","3.1 MB/s"
2025-12-26,16:49:42,14,49,"45.2 Kbps","36.2 Kbps","0 KB/s","1.2 MB/s"
2025-12-26,16:49:47,8,49,"19.0 Kbps","3.6 Kbps","0 KB/s","3.9 KB/s"
2025-12-26,16:49:52,9,49,"23.4 Kbps","2.8 Kbps","136.0 KB/s","0 KB/s"
2025-12-26,16:49:56,13,49,"0.7 Kbps","2.5 Kbps","63.8 KB/s","0 KB/s"
2025-12-26,16:50:01,7,49,"2.4 Kbps","0.2 Kbps","0 KB/s","0 KB/s"
2025-12-26,16:50:05,7,49,"4.1 Kbps","2.0 Kbps","0 KB/s","3.2 MB/s"
2025-12-26,16:50:10,8,49,"6.7 Kbps","4.3 Kbps","23.8 KB/s","349.6 KB/s"
2025-12-26,16:50:15,8,49,"4.0 Kbps","19.5 Kbps","4.5 KB/s","16.5 KB/s"
2025-12-26,16:50:19,17,49,"1.9 Kbps","1.3 Kbps","4.4 KB/s","20.2 KB/s"
2025-12-26,16:50:24,7,49,"0.5 Kbps","1.8 Kbps","0 KB/s","0 KB/s"
2025-12-26,16:50:29,6,49,"15.8 Kbps","115.2 Kbps","0 KB/s","15.4 MB/s"
2025-12-26,16:50:33,7,49,"8.5 Kbps","2.8 Kbps","0 KB/s","79.0 KB/s"
2025-12-26,16:50:38,6,49,"6.9 Kbps","1.2 Kbps","0 KB/s","3.2 MB/s"
2025-12-26,16:50:42,6,49,"37.5 Kbps","5.5 Kbps","0 KB/s","3.1 MB/s"
2025-12-26,16:50:47,6,49,"48.3 Kbps","14.7 Kbps","0 KB/s","19.9 KB/s"
2025-12-26,16:50:51,7,49,"36.6 Kbps","4.7 Kbps","0 KB/s","127.3 KB/s"
2025-12-26,16:50:56,8,49,"57.5 Kbps","14.7 Kbps","0 KB/s","0 KB/s"
2025-12-26,16:51:01,14,49,"5.2 Kbps","1.4 Kbps","0 KB/s","3.1 MB/s"
2025-12-26,16:51:05,5,49,"3.6 Kbps","0.9 Kbps","4.5 KB/s","3.1 MB/s"
2025-12-26,16:51:10,8,49,"0.9 Kbps","0.9 Kbps","4.5 KB/s","80.0 KB/s"
2025-12-26,16:51:15,9,49,"7.5 Kbps","3.1 Kbps","4.5 KB/s","16.4 KB/s"
2025-12-26,16:51:19,10,49,"0.3 Kbps","0.7 Kbps","0 KB/s","134.7 KB/s"
2025-12-26,16:51:24,13,49,"6.1 Kbps","17.1 Kbps","0 KB/s","142.1 KB/s"
2025-12-26,16:51:28,8,49,"0.1 Kbps","0.1 Kbps","0 KB/s","23.7 KB/s"
2025-12-26,16:51:33,7,49,"93.3 Kbps","7.6 Kbps","0 KB/s","3.1 MB/s"
2025-12-26,16:51:38,9,49,"70.3 Kbps","42.1 Kbps","0 KB/s","3.1 MB/s"
2025-12-26,16:51:42,12,49,"0.4 Kbps","0.7 Kbps","220.6 KB/s","119.5 KB/s"
2025-12-26,16:51:47,10,49,"0.0 Kbps","0.4 Kbps","0 KB/s","592.5 KB/s"
2025-12-26,16:51:52,12,49,"44.2 Kbps","36.6 Kbps","0 KB/s","0 KB/s"
2025-12-26,16:51:56,9,49,"2.7 Kbps","3.7 Kbps","94.8 KB/s","3.1 MB/s"
2025-12-26,16:52:01,9,49,"0.3 Kbps","0.8 Kbps","4.5 KB/s","3.2 MB/s"
2025-12-26,16:52:06,15,49,"3.1 Kbps","1.1 Kbps","4.4 KB/s","16.3 KB/s"
2025-12-26,16:52:10,10,49,"44.8 Kbps","22.9 Kbps","24.5 KB/s","20.5 KB/s"
2025-12-26,16:52:15,8,49,"5.1 Kbps","18.8 Kbps","0 KB/s","23.9 KB/s"
2025-12-26,16:52:20,6,49,"12.2 Kbps","9.7 Kbps","0 KB/s","127.3 KB/s"
2025-12-26,16:52:24,11,49,"7.9 Kbps","15.4 Kbps","0 KB/s","91.2 KB/s"
2025-12-26,16:52:29,9,49,"4.9 Kbps","0.9 Kbps","0 KB/s","83.7 KB/s"
2025-12-26,16:52:33,8,49,"23.3 Kbps","6.5 Kbps","0 KB/s","3.1 MB/s"
2025-12-26,16:52:38,8,49,"14.4 Kbps","29.3 Kbps","8.0 KB/s","6.4 MB/s"
2025-12-26,16:52:43,9,49,"33.2 Kbps","6.6 Kbps","386.0 KB/s","1.4 MB/s"
2025-12-26,16:52:47,8,49,"0.1 Kbps","0.9 Kbps","0 KB/s","211.2 KB/s"
2025-12-26,16:52:52,10,49,"38.6 Kbps","36.6 Kbps","0 KB/s","31.9 KB/s"
2025-12-26,16:52:56,10,49,"70.0 Kbps","49.7 Kbps","4.5 KB/s","3.2 MB/s"
2025-12-26,16:53:01,7,49,"8.8 Kbps","9.8 Kbps","4.5 KB/s","3.3 MB/s"
2025-12-26,16:53:06,7,49,"13.3 Kbps","30.2 Kbps","0 KB/s","135.9 KB/s"
2025-12-26,16:53:10,17,49,"9.9 Kbps","10.2 Kbps","0 KB/s","35.9 KB/s"
2025-12-26,16:53:15,16,50,"3.7 Kbps","4.4 Kbps","5.0 KB/s","49.0 KB/s"
2025-12-26,16:53:19,22,50,"78.2 Kbps","1.1 Mbps","0 KB/s","1.5 MB/s"
2025-12-26,16:53:24,27,50,"19.4 Kbps","31.0 Kbps","63.3 KB/s","4.0 KB/s"
2025-12-26,16:53:29,20,50,"0.9 Kbps","3.1 Kbps","0 KB/s","3.1 MB/s"
2025-12-26,16:53:33,7,50,"0.1 Kbps","3.0 Kbps","0 KB/s","3.1 MB/s"
2025-12-26,16:53:38,12,50,"19.1 Kbps","13.3 Kbps","0 KB/s","2.6 MB/s"
2025-12-26,16:53:43,16,50,"50.9 Kbps","104.0 Kbps","120.0 KB/s","132.0 KB/s"
2025-12-26,16:53:47,15,50,"0.6 Kbps","8.1 Kbps","4.5 KB/s","244.6 KB/s"
2025-12-26,16:53:52,14,51,"39.9 Kbps","23.8 Kbps","291.5 KB/s","447.9 KB/s"
2025-12-26,16:53:56,19,51,"117.0 Kbps","826.2 Kbps","0 KB/s","4.1 MB/s"
2025-12-26,16:53:55,62,52,"0.0 Kbps","0.0 Kbps","306.5 KB/s","433.9 KB/s"
2025-12-26,16:54:01,23,52,"37.1 Kbps","31.3 Kbps","2.7 MB/s","5.6 MB/s"
2025-12-26,16:54:03,20,51,"37.0 Kbps","39.1 Kbps","0 KB/s","930.3 KB/s"
2025-12-26,16:54:05,19,52,"41.9 Kbps","48.6 Kbps","0 KB/s","199.9 KB/s"
2025-12-26,16:54:08,15,52,"14.9 Kbps","12.4 Kbps","182.6 KB/s","4.0 KB/s"
2025-12-26,16:54:10,12,52,"0.7 Kbps","2.8 Kbps","0 KB/s","63.3 KB/s"
2025-12-26,16:54:12,11,52,"0.5 Kbps","3.4 Kbps","4.5 KB/s","3.2 MB/s"
2025-12-26,16:54:15,15,52,"12.9 Kbps","30.1 Kbps","0 KB/s","47.7 KB/s"
2025-12-26,16:54:17,20,52,"13.6 Kbps","29.4 Kbps","452.2 KB/s","3.2 MB/s"
2025-12-26,16:54:20,20,52,"3.1 Kbps","2.1 Kbps","159.2 KB/s","0 KB/s"
2025-12-26,16:54:22,19,52,"13.7 Kbps","12.5 Kbps","130.5 KB/s","299.9 KB/s"
2025-12-26,16:54:24,19,52,"12.2 Kbps","12.7 Kbps","0 KB/s","171.0 KB/s"
2025-12-26,16:54:26,16,52,"9.6 Kbps","2.9 Kbps","0 KB/s","671.6 KB/s"
2025-12-26,16:54:29,13,52,"21.2 Kbps","10.0 Kbps","4.0 KB/s","3.1 MB/s"
2025-12-26,16:54:31,13,52,"20.4 Kbps","11.3 Kbps","0 KB/s","99.7 KB/s"
2025-12-26,16:54:33,15,52,"23.0 Kbps","6.1 Kbps","0 KB/s","3.6 MB/s"
2025-12-26,16:54:36,15,52,"28.2 Kbps","5.9 Kbps","82.9 KB/s","118.5 KB/s"
2025-12-26,16:54:38,13,52,"26.2 Kbps","6.6 Kbps","0 KB/s","8.0 KB/s"
2025-12-26,16:54:40,11,51,"12.5 Kbps","3.6 Kbps","0 KB/s","31.8 KB/s"
2025-12-26,16:54:43,12,49,"0.5 Kbps","0.7 Kbps","4.4 KB/s","87.5 KB/s"
2025-12-26,16:54:45,17,48,"0.7 Kbps","1.2 Kbps","4.0 KB/s","282.9 KB/s"
2025-12-26,16:54:47,20,47,"4.0 Kbps","4.5 Kbps","36.3 KB/s","44.2 KB/s"
2025-12-26,16:54:50,15,47,"3.8 Kbps","4.0 Kbps","0 KB/s","415.5 KB/s"
2025-12-26,16:54:52,10,47,"0.4 Kbps","0.6 Kbps","0 KB/s","3.2 MB/s"
2025-12-26,16:54:54,11,47,"0.2 Kbps","1.0 Kbps","0 KB/s","0 KB/s"
2025-12-26,16:54:57,11,47,"0.3 Kbps","1.3 Kbps","0 KB/s","3.1 MB/s"
2025-12-26,16:54:59,10,47,"0.3 Kbps","0.8 Kbps","0 KB/s","155.8 KB/s"
2025-12-26,16:55:01,10,47,"0.3 Kbps","0.5 Kbps","4.0 KB/s","853.6 KB/s"
2025-12-26,16:55:04,12,47,"0.1 Kbps","0.2 Kbps","0 KB/s","0 KB/s"
2025-12-26,16:55:06,13,47,"1.0 Kbps","1.6 Kbps","0 KB/s","359.4 KB/s"
2025-12-26,16:55:08,12,47,"1.2 Kbps","1.6 Kbps","0 KB/s","3.1 MB/s"
2025-12-26,16:55:11,15,47,"0.8 Kbps","0.7 Kbps","0 KB/s","4.0 KB/s"
2025-12-26,16:55:13,18,47,"1.0 Kbps","1.0 Kbps","4.4 KB/s","3.1 MB/s"
2025-12-26,16:55:15,18,48,"0.4 Kbps","1.0 Kbps","0 KB/s","167.7 KB/s"
2025-12-26,16:55:18,17,47,"0.1 Kbps","0.8 Kbps","4.5 KB/s","139.5 KB/s"
2025-12-26,16:55:20,18,47,"15.4 Kbps","14.0 Kbps","0 KB/s","3.1 MB/s"
2025-12-26,16:55:22,20,47,"19.2 Kbps","28.1 Kbps","4.5 KB/s","87.7 KB/s"
2025-12-26,16:55:25,18,47,"3.8 Kbps","15.1 Kbps","0 KB/s","3.1 MB/s"
2025-12-26,16:55:27,14,47,"15.2 Kbps","119.6 Kbps","0 KB/s","0 KB/s"
2025-12-26,16:55:29,11,47,"15.2 Kbps","120.1 Kbps","0 KB/s","0 KB/s"
2025-12-26,16:55:32,11,47,"37.8 Kbps","23.6 Kbps","0 KB/s","51.7 KB/s"
2025-12-26,16:55:34,15,47,"38.3 Kbps","25.4 Kbps","0 KB/s","43.9 KB/s"
2025-12-26,16:55:36,18,47,"11.6 Kbps","3.7 Kbps","0 KB/s","3.4 MB/s"
2025-12-26,16:55:39,17,47,"40.9 Kbps","6.7 Kbps","0 KB/s","216.0 KB/s"
2025-12-26,16:55:41,13,47,"41.2 Kbps","7.9 Kbps","0 KB/s","147.8 KB/s"
2025-12-26,16:55:43,11,47,"11.3 Kbps","2.8 Kbps","4.5 KB/s","52.4 KB/s"
2025-12-26,16:55:46,14,47,"22.7 Kbps","30.7 Kbps","0 KB/s","0 KB/s"
2025-12-26,16:55:48,13,47,"24.6 Kbps","31.2 Kbps","67.8 KB/s","3.1 MB/s"
2025-12-26,16:55:50,12,48,"10.4 Kbps","7.8 Kbps","0 KB/s","35.8 KB/s"
2025-12-26,16:55:52,11,48,"8.4 Kbps","7.6 Kbps","4.5 KB/s","76.2 KB/s"
2025-12-26,16:55:55,11,48,"1.0 Kbps","2.1 Kbps","0 KB/s","0 KB/s"
2025-12-26,16:55:57,14,48,"1.0 Kbps","1.9 Kbps","0 KB/s","139.4 KB/s"
2025-12-26,16:55:59,15,48,"0.4 Kbps","0.9 Kbps","0 KB/s","3.2 MB/s"
2025-12-26,16:56:02,16,48,"0.3 Kbps","0.8 Kbps","241.7 KB/s","243.2 KB/s"
2025-12-26,16:56:04,17,48,"0.2 Kbps","0.4 Kbps","15.9 KB/s","3.2 MB/s"
2025-12-26,16:56:06,17,48,"38.4 Kbps","12.3 Kbps","8.0 KB/s","0 KB/s"
2025-12-26,16:56:09,14,48,"37.8 Kbps","17.2 Kbps","0 KB/s","202.7 KB/s"
2025-12-26,16:56:11,13,48,"0.7 Kbps","10.6 Kbps","0 KB/s","0 KB/s"
2025-12-26,16:56:14,13,48,"0.6 Kbps","8.6 Kbps","4.0 KB/s","12.5 KB/s"
2025-12-26,16:56:16,12,47,"1.0 Kbps","16.4 Kbps","0 KB/s","0 KB/s"
2025-12-26,16:56:18,11,47,"12.3 Kbps","22.6 Kbps","4.4 KB/s","59.7 KB/s"
2025-12-26,16:56:20,10,47,"25.0 Kbps","19.7 Kbps","0 KB/s","3.4 MB/s"
2025-12-26,16:56:23,12,47,"13.2 Kbps","9.9 Kbps","4.5 KB/s","87.6 KB/s"
2025-12-26,16:56:25,14,47,"3.4 Kbps","3.2 Kbps","0 KB/s","242.6 KB/s"
2025-12-26,16:56:28,17,47,"3.3 Kbps","3.2 Kbps","0 KB/s","0 KB/s"
2025-12-26,16:56:30,18,47,"0.4 Kbps","0.9 Kbps","96.0 KB/s","0 KB/s"
2025-12-26,16:56:32,13,47,"8.3 Kbps","3.4 Kbps","0 KB/s","87.8 KB/s"
2025-12-26,16:56:34,11,47,"25.3 Kbps","13.7 Kbps","0 KB/s","0 KB/s"
2025-12-26,16:56:37,11,48,"17.4 Kbps","11.6 Kbps","0 KB/s","183.2 KB/s"
2025-12-26,16:56:39,13,47,"0.8 Kbps","1.7 Kbps","4.5 KB/s","24.3 KB/s"
2025-12-26,16:56:42,15,47,"4.5 Kbps","1.9 Kbps","3.9 KB/s","122.3 KB/s"
2025-12-26,16:56:44,13,47,"3.7 Kbps","1.2 Kbps","4.5 KB/s","3.1 MB/s"
2025-12-26,16:56:46,13,48,"9.1 Kbps","10.6 Kbps","0 KB/s","39.8 KB/s"
2025-12-26,16:56:48,13,48,"11.6 Kbps","12.7 Kbps","68.4 KB/s","192.3 KB/s"
2025-12-26,16:56:51,13,48,"2.5 Kbps","2.8 Kbps","7.9 KB/s","736.9 KB/s"
2025-12-26,16:56:53,13,47,"0.1 Kbps","0.9 Kbps","0 KB/s","131.5 KB/s"
2025-12-26,16:56:56,13,47,"0.5 Kbps","2.0 Kbps","0 KB/s","3.1 MB/s"
2025-12-26,16:56:58,12,47,"0.4 Kbps","1.4 Kbps","0 KB/s","308.8 KB/s"
2025-12-26,16:57:00,12,47,"9.0 Kbps","9.4 Kbps","0 KB/s","75.9 KB/s"
2025-12-26,16:57:02,11,47,"9.0 Kbps","9.4 Kbps","0 KB/s","75.8 KB/s"
2025-12-26,16:57:05,12,47,"0.0 Kbps","0.7 Kbps","0 KB/s","103.4 KB/s"
2025-12-26,16:57:07,13,47,"10.2 Kbps","11.9 Kbps","0 KB/s","265.6 KB/s"
2025-12-26,16:57:10,12,47,"10.6 Kbps","11.7 Kbps","0 KB/s","0 KB/s"
2025-12-26,16:57:11,10,47,"0.4 Kbps","0.5 Kbps","0 KB/s","3.1 MB/s"
2025-12-26,16:57:14,11,47,"0.2 Kbps","0.2 Kbps","4.5 KB/s","28.4 KB/s"
2025-12-26,16:57:16,12,47,"0.5 Kbps","5.6 Kbps","0 KB/s","3.1 MB/s"
2025-12-26,16:57:19,12,47,"41.3 Kbps","38.1 Kbps","4.5 KB/s","160.3 KB/s"
2025-12-26,16:57:21,14,47,"44.6 Kbps","36.8 Kbps","62.9 KB/s","91.1 KB/s"
2025-12-26,16:57:24,13,47,"8.3 Kbps","9.8 Kbps","4.5 KB/s","96.5 KB/s"
2025-12-26,16:57:25,13,48,"5.2 Kbps","6.6 Kbps","8.0 KB/s","9.0 MB/s"
2025-12-26,16:57:28,14,47,"0.0 Kbps","0.6 Kbps","0 KB/s","3.2 MB/s"
2025-12-26,16:57:30,13,47,"0.0 Kbps","0.3 Kbps","0 KB/s","0 KB/s"
2025-12-26,16:57:33,16,47,"0.3 Kbps","1.0 Kbps","0 KB/s","40.3 KB/s"
2025-12-26,16:57:35,19,47,"0.4 Kbps","1.4 Kbps","4.5 KB/s","32.4 KB/s"
2025-12-26,16:57:37,15,47,"0.1 Kbps","0.7 Kbps","0 KB/s","0 KB/s"
2025-12-26,16:57:39,11,47,"1.1 Kbps","1.8 Kbps","4.5 KB/s","3.2 MB/s"
2025-12-26,16:57:42,11,47,"7.4 Kbps","2.5 Kbps","0 KB/s","91.7 KB/s"
2025-12-26,16:57:44,14,47,"9.3 Kbps","1.5 Kbps","4.5 KB/s","522.3 KB/s"
2025-12-26,16:57:47,15,47,"3.2 Kbps","1.0 Kbps","0 KB/s","0 KB/s"
2025-12-26,16:57:49,12,47,"0.1 Kbps","0.5 Kbps","0 KB/s","168.3 KB/s"
2025-12-26,16:57:51,9,47,"1.7 Kbps","0.0 Kbps","0 KB/s","3.1 MB/s"
2025-12-26,16:57:53,8,47,"10.1 Kbps","1.5 Kbps","0 KB/s","4.0 KB/s"
2025-12-26,16:57:56,8,47,"20.5 Kbps","10.0 Kbps","158.8 KB/s","3.1 MB/s"
2025-12-26,16:57:58,11,47,"48.3 Kbps","50.5 Kbps","0 KB/s","0 KB/s"
2025-12-26,16:58:01,14,47,"58.8 Kbps","48.3 Kbps","0 KB/s","0 KB/s"
2025-12-26,16:58:02,13,47,"21.9 Kbps","5.7 Kbps","99.8 KB/s","0 KB/s"
2025-12-26,16:58:05,14,48,"25.4 Kbps","19.2 Kbps","0 KB/s","353.4 KB/s"
2025-12-26,16:58:07,18,48,"27.3 Kbps","25.2 Kbps","2.2 MB/s","42.8 KB/s"
2025-12-26,16:58:10,28,48,"36.5 Kbps","403.4 Kbps","4.4 KB/s","47.8 KB/s"
2025-12-26,16:58:12,28,48,"34.5 Kbps","393.5 Kbps","0 KB/s","3.2 MB/s"
2025-12-26,16:58:15,17,48,"8.5 Kbps","19.7 Kbps","4.5 KB/s","84.0 KB/s"
2025-12-26,16:58:16,13,48,"9.4 Kbps","19.0 Kbps","31.8 KB/s","3.3 MB/s"
2025-12-26,16:58:19,12,48,"41.9 Kbps","24.9 Kbps","4.4 KB/s","3.4 MB/s"
2025-12-26,16:58:21,14,48,"41.7 Kbps","24.9 Kbps","0 KB/s","0 KB/s"
2025-12-26,16:58:24,13,48,"0.4 Kbps","0.5 Kbps","0 KB/s","4.0 KB/s"
2025-12-26,16:58:26,16,48,"0.5 Kbps","0.5 Kbps","212.8 KB/s","243.1 KB/s"
2025-12-26,16:58:28,20,48,"8.2 Kbps","11.3 Kbps","0 KB/s","206.5 KB/s"
2025-12-26,16:58:30,16,48,"16.3 Kbps","15.0 Kbps","4.5 KB/s","198.8 KB/s"
2025-12-26,16:58:33,12,48,"8.4 Kbps","4.3 Kbps","10.8 MB/s","523.7 KB/s"
2025-12-26,16:58:35,12,48,"0.6 Kbps","0.8 Kbps","4.4 KB/s","3.2 MB/s"
2025-12-26,16:58:38,18,48,"3.3 Kbps","3.4 Kbps","32.0 KB/s","220.1 KB/s"
2025-12-26,16:58:39,19,48,"5.5 Kbps","3.7 Kbps","4.5 KB/s","3.6 MB/s"
2025-12-26,16:58:43,15,48,"39.8 Kbps","23.3 Kbps","15.8 KB/s","67.1 KB/s"
2025-12-26,16:58:44,13,48,"37.3 Kbps","22.8 Kbps","0 KB/s","19.7 KB/s"
2025-12-26,16:58:47,13,48,"4.1 Kbps","4.6 Kbps","0 KB/s","3.2 MB/s"
2025-12-26,16:58:49,16,48,"3.8 Kbps","4.1 Kbps","0 KB/s","39.6 KB/s"
2025-12-26,16:58:52,12,48,"0.1 Kbps","0.5 Kbps","0 KB/s","27.8 KB/s"
2025-12-26,16:58:54,11,48,"0.2 Kbps","1.3 Kbps","0 KB/s","0 KB/s"
2025-12-26,16:58:56,11,48,"0.3 Kbps","2.1 Kbps","0 KB/s","0 KB/s"
2025-12-26,16:58:58,11,48,"0.2 Kbps","1.1 Kbps","0 KB/s","28.0 KB/s"
2025-12-26,16:59:01,11,48,"0.6 Kbps","1.3 Kbps","0 KB/s","0 KB/s"
2025-12-26,16:59:03,10,48,"0.6 Kbps","1.3 Kbps","0 KB/s","15.8 KB/s"
2025-12-26,16:59:06,10,48,"27.9 Kbps","17.5 Kbps","0 KB/s","27.8 KB/s"
2025-12-26,16:59:07,9,48,"35.3 Kbps","19.0 Kbps","0 KB/s","3.1 MB/s"
2025-12-26,16:59:10,9,48,"11.8 Kbps","2.2 Kbps","4.5 KB/s","3.5 MB/s"
2025-12-26,16:59:12,9,48,"14.3 Kbps","11.7 Kbps","0 KB/s","0 KB/s"
2025-12-26,16:59:15,10,48,"18.9 Kbps","12.7 Kbps","4.5 KB/s","3.5 MB/s"
2025-12-26,16:59:17,12,48,"9.5 Kbps","2.5 Kbps","0 KB/s","0 KB/s"
2025-12-26,16:59:20,13,48,"0.6 Kbps","1.2 Kbps","0 KB/s","0 KB/s"
2025-12-26,16:59:21,11,48,"0.3 Kbps","0.7 Kbps","0 KB/s","118.6 KB/s"
2025-12-26,16:59:24,11,48,"0.0 Kbps","0.1 Kbps","0 KB/s","55.8 KB/s"
2025-12-26,16:59:26,11,48,"2.8 Kbps","1.8 Kbps","0 KB/s","115.6 KB/s"
2025-12-26,16:59:29,15,48,"3.6 Kbps","2.8 Kbps","0 KB/s","27.9 KB/s"
2025-12-26,16:59:30,18,48,"7.8 Kbps","2.3 Kbps","4.5 KB/s","3.5 MB/s"
2025-12-26,16:59:33,16,48,"57.0 Kbps","21.6 Kbps","0 KB/s","147.1 KB/s"
2025-12-26,16:59:35,14,48,"80.5 Kbps","33.6 Kbps","4.5 KB/s","3.2 MB/s"
2025-12-26,16:59:38,13,48,"49.3 Kbps","31.4 Kbps","0 KB/s","0 KB/s"
2025-12-26,16:59:39,17,48,"19.9 Kbps","19.5 Kbps","0 KB/s","219.0 KB/s"
2025-12-26,16:59:43,21,48,"10.1 Kbps","1.7 Kbps","0 KB/s","3.1 MB/s"
2025-12-26,16:59:44,23,49,"20.9 Kbps","9.4 Kbps","32.0 KB/s","623.3 KB/s"
2025-12-26,16:59:47,20,49,"20.7 Kbps","10.1 Kbps","0 KB/s","3.4 MB/s"
2025-12-26,16:59:49,16,49,"9.5 Kbps","1.6 Kbps","0 KB/s","99.0 KB/s"
2025-12-26,16:59:52,18,49,"9.3 Kbps","0.7 Kbps","0 KB/s","51.6 KB/s"
2025-12-26,16:59:53,22,48,"9.2 Kbps","0.6 Kbps","0 KB/s","31.9 KB/s"
2025-12-26,16:59:56,16,48,"9.8 Kbps","1.1 Kbps","0 KB/s","59.8 KB/s"
2025-12-26,16:59:58,13,48,"10.0 Kbps","1.6 Kbps","0 KB/s","16.0 KB/s"
2025-12-26,17:00:01,14,48,"11.1 Kbps","12.6 Kbps","4.5 KB/s","164.4 KB/s"
2025-12-26,17:00:03,16,48,"21.3 Kbps","12.2 Kbps","0 KB/s","3.4 MB/s"
2025-12-26,17:00:05,15,48,"21.0 Kbps","1.4 Kbps","4.5 KB/s","243.4 KB/s"
2025-12-26,17:00:07,14,48,"9.7 Kbps","1.8 Kbps","0 KB/s","346.9 KB/s"
2025-12-26,17:00:10,15,48,"9.7 Kbps","2.5 Kbps","0 KB/s","3.1 MB/s"
2025-12-26,17:00:12,13,48,"10.1 Kbps","3.6 Kbps","0 KB/s","130.1 KB/s"
2025-12-26,17:00:15,12,48,"9.8 Kbps","15.9 Kbps","0 KB/s","3.2 MB/s"
2025-12-26,17:00:16,15,48,"10.2 Kbps","15.2 Kbps","4.5 KB/s","161.5 KB/s"
2025-12-26,17:00:19,15,48,"252.1 Kbps","41.1 Kbps","0 KB/s","358.8 KB/s"
2025-12-26,17:00:21,12,48,"273.5 Kbps","56.2 Kbps","4.5 KB/s","52.2 KB/s"
2025-12-26,17:00:24,11,48,"27.5 Kbps","15.6 Kbps","0 KB/s","0 KB/s"
2025-12-26,17:00:25,12,48,"9.3 Kbps","0.8 Kbps","0 KB/s","0 KB/s"
2025-12-26,17:00:29,11,48,"20.2 Kbps","127.9 Kbps","0 KB/s","27.7 KB/s"
2025-12-26,17:00:30,10,48,"20.2 Kbps","128.7 Kbps","0 KB/s","63.1 KB/s"
2025-12-26,17:00:33,11,48,"193.5 Kbps","8.4 Kbps","0 KB/s","0 KB/s"
2025-12-26,17:00:35,12,48,"201.0 Kbps","13.1 Kbps","0 KB/s","3.3 MB/s"
2025-12-26,17:00:38,11,48,"18.7 Kbps","6.4 Kbps","0 KB/s","0 KB/s"
2025-12-26,17:00:39,10,48,"180.3 Kbps","33.1 Kbps","0 KB/s","31.8 KB/s"
2025-12-26,17:00:43,10,48,"178.1 Kbps","32.4 Kbps","15.8 KB/s","3.1 MB/s"
2025-12-26,17:00:44,11,48,"9.4 Kbps","1.2 Kbps","0 KB/s","587.7 KB/s"
2025-12-26,17:00:47,13,48,"23.0 Kbps","14.7 Kbps","0 KB/s","3.1 MB/s"
2025-12-26,17:00:49,15,48,"23.1 Kbps","14.8 Kbps","0 KB/s","51.8 KB/s"
2025-12-26,17:00:52,17,48,"9.7 Kbps","2.5 Kbps","0 KB/s","219.2 KB/s"
2025-12-26,17:00:53,14,48,"9.8 Kbps","2.5 Kbps","0 KB/s","127.1 KB/s"
2025-12-26,17:00:57,16,48,"21.3 Kbps","2.4 Kbps","4.4 KB/s","32.1 KB/s"
2025-12-26,17:00:58,17,48,"28.7 Kbps","3.2 Kbps","0 KB/s","3.1 MB/s"
2025-12-26,17:01:01,11,48,"36.2 Kbps","14.0 Kbps","4.4 KB/s","83.5 KB/s"
2025-12-26,17:01:03,10,48,"28.8 Kbps","13.1 Kbps","0 KB/s","346.7 KB/s"
2025-12-26,17:01:06,10,48,"14.8 Kbps","1.1 Kbps","4.5 KB/s","3.1 MB/s"
2025-12-26,17:01:07,10,48,"19.6 Kbps","1.7 Kbps","0 KB/s","138.3 KB/s"
2025-12-26,17:01:11,11,48,"32.0 Kbps","2.9 Kbps","0 KB/s","43.6 KB/s"
2025-12-26,17:01:12,11,48,"35.2 Kbps","2.9 Kbps","0 KB/s","79.0 KB/s"
2025-12-26,17:01:15,13,48,"17.5 Kbps","1.6 Kbps","15.7 KB/s","20.9 MB/s"
2025-12-26,17:01:17,12,48,"14.4 Kbps","1.3 Kbps","4.5 KB/s","44.2 KB/s"
2025-12-26,17:01:20,12,48,"18.0 Kbps","2.7 Kbps","0 KB/s","0 KB/s"
2025-12-26,17:01:21,12,48,"13.4 Kbps","2.5 Kbps","4.5 KB/s","32.2 KB/s"
2025-12-26,17:01:25,12,48,"12.4 Kbps","14.8 Kbps","0 KB/s","0 KB/s"
2025-12-26,17:01:26,12,48,"12.4 Kbps","14.8 Kbps","593.2 KB/s","3.1 MB/s"
2025-12-26,17:01:29,10,48,"51.3 Kbps","3.0 Kbps","0 KB/s","0 KB/s"
2025-12-26,17:01:31,9,48,"53.8 Kbps","3.3 Kbps","20.0 KB/s","3.1 MB/s"
2025-12-26,17:01:34,11,48,"33.4 Kbps","24.6 Kbps","0 KB/s","3.3 MB/s"
2025-12-26,17:01:35,15,48,"50.9 Kbps","64.6 Kbps","0 KB/s","490.0 KB/s"
2025-12-26,17:01:39,16,48,"46.9 Kbps","73.4 Kbps","0 KB/s","3.2 MB/s"
2025-12-26,17:01:40,12,48,"27.0 Kbps","33.0 Kbps","0 KB/s","0 KB/s"
2025-12-26,17:01:43,13,48,"13.5 Kbps","7.2 Kbps","0 KB/s","360.4 KB/s"
2025-12-26,17:01:45,16,48,"202.3 Kbps","40.3 Kbps","0 KB/s","0 KB/s"
2025-12-26,17:01:48,13,48,"201.2 Kbps","35.8 Kbps","0 KB/s","4.0 KB/s"
2025-12-26,17:01:49,11,48,"9.8 Kbps","2.3 Kbps","0 KB/s","4.0 KB/s"
2025-12-26,17:01:53,12,48,"9.3 Kbps","1.2 Kbps","0 KB/s","111.7 KB/s"
2025-12-26,17:01:54,14,48,"9.5 Kbps","1.4 Kbps","0 KB/s","3.6 MB/s"
2025-12-26,17:01:57,21,48,"9.9 Kbps","2.1 Kbps","4.5 KB/s","3.1 MB/s"
2025-12-26,17:01:59,21,48,"9.6 Kbps","2.4 Kbps","0 KB/s","209.9 KB/s"
2025-12-26,17:02:02,22,48,"9.3 Kbps","2.4 Kbps","4.5 KB/s","3.1 MB/s"
2025-12-26,17:02:03,22,48,"9.5 Kbps","1.7 Kbps","0 KB/s","166.9 KB/s"
2025-12-26,17:02:07,17,49,"27.5 Kbps","13.0 Kbps","4.5 KB/s","20.4 KB/s"
2025-12-26,17:02:08,17,49,"49.2 Kbps","41.6 Kbps","88.0 KB/s","696.3 KB/s"
2025-12-26,17:02:11,15,49,"32.0 Kbps","33.3 Kbps","0 KB/s","0 KB/s"
2025-12-26,17:02:13,12,49,"10.0 Kbps","4.4 Kbps","0 KB/s","75.7 KB/s"
2025-12-26,17:02:16,11,48,"9.8 Kbps","17.5 Kbps","0 KB/s","0 KB/s"
2025-12-26,17:02:17,11,48,"10.5 Kbps","17.9 Kbps","4.5 KB/s","3.8 MB/s"
2025-12-26,17:02:21,11,48,"10.6 Kbps","1.9 Kbps","0 KB/s","0 KB/s"
2025-12-26,17:02:22,10,48,"9.9 Kbps","1.7 Kbps","4.5 KB/s","3.1 MB/s"
2025-12-26,17:02:25,10,48,"9.2 Kbps","0.7 Kbps","0 KB/s","0 KB/s"
2025-12-26,17:02:27,10,48,"9.4 Kbps","0.7 Kbps","0 KB/s","0 KB/s"
2025-12-26,17:02:30,9,48,"9.6 Kbps","2.0 Kbps","0 KB/s","3.1 MB/s"
2025-12-26,17:02:31,10,48,"20.0 Kbps","8.0 Kbps","0 KB/s","39.9 KB/s"
2025-12-26,17:02:35,12,48,"27.9 Kbps","9.4 Kbps","0 KB/s","31.9 KB/s"
2025-12-26,17:02:36,13,48,"39.7 Kbps","18.9 Kbps","0 KB/s","95.5 KB/s"
2025-12-26,17:02:39,12,48,"34.6 Kbps","17.5 Kbps","0 KB/s","32.0 KB/s"
2025-12-26,17:02:41,10,48,"14.5 Kbps","3.5 Kbps","0 KB/s","15.7 MB/s"
2025-12-26,17:02:44,11,48,"18.8 Kbps","4.2 Kbps","0 KB/s","925.1 KB/s"
2025-12-26,17:02:45,10,48,"16.0 Kbps","2.2 Kbps","0 KB/s","0 KB/s"
2025-12-26,17:02:49,10,48,"19.7 Kbps","2.1 Kbps","0 KB/s","135.6 KB/s"
2025-12-26,17:02:50,11,48,"24.3 Kbps","2.6 Kbps","0 KB/s","87.8 KB/s"
2025-12-26,17:02:53,12,48,"13.6 Kbps","1.2 Kbps","0 KB/s","3.1 MB/s"
2025-12-26,17:02:55,13,48,"9.4 Kbps","0.9 Kbps","0 KB/s","116.0 KB/s"
2025-12-26,17:02:58,13,48,"23.0 Kbps","1.6 Kbps","116.4 KB/s","3.1 MB/s"
2025-12-26,17:02:59,15,48,"23.3 Kbps","2.1 Kbps","0 KB/s","28.0 KB/s"
2025-12-26,17:03:02,22,48,"18.8 Kbps","2.7 Kbps","4.5 KB/s","626.7 KB/s"
2025-12-26,17:03:04,26,48,"18.8 Kbps","1.9 Kbps","0 KB/s","4.0 KB/s"
2025-12-26,17:03:07,26,48,"14.0 Kbps","0.3 Kbps","2.2 MB/s","38.2 KB/s"
2025-12-26,17:03:08,22,48,"14.4 Kbps","1.3 Kbps","0 KB/s","111.1 KB/s"
2025-12-26,17:03:12,14,48,"15.3 Kbps","15.7 Kbps","0 KB/s","0 KB/s"
2025-12-26,17:03:13,11,48,"14.8 Kbps","14.4 Kbps","4.5 KB/s","6.6 MB/s"
2025-12-26,17:03:16,13,48,"10.6 Kbps","1.4 Kbps","0 KB/s","0 KB/s"
2025-12-26,17:03:17,13,48,"10.5 Kbps","1.4 Kbps","4.4 KB/s","3.1 MB/s"
2025-12-26,17:03:21,10,48,"0.0 Kbps","0.8 Kbps","0 KB/s","128.0 KB/s"
2025-12-26,17:03:22,13,48,"0.3 Kbps","1.3 Kbps","0 KB/s","3.5 MB/s"
2025-12-26,17:03:25,16,48,"5.6 Kbps","1.3 Kbps","0 KB/s","0 KB/s"
2025-12-26,17:03:27,13,48,"5.6 Kbps","1.2 Kbps","0 KB/s","31.8 KB/s"
2025-12-26,17:03:30,12,48,"0.5 Kbps","4.9 Kbps","0 KB/s","3.1 MB/s"
2025-12-26,17:03:31,13,48,"0.3 Kbps","5.6 Kbps","0 KB/s","64.0 KB/s"
2025-12-26,17:03:34,10,49,"0.2 Kbps","8.7 Kbps","63.7 KB/s","3.3 MB/s"
2025-12-26,17:03:36,13,49,"31.5 Kbps","17.5 Kbps","0 KB/s","87.9 KB/s"
2025-12-26,17:03:39,15,49,"160.0 Kbps","85.6 Kbps","0 KB/s","186.9 KB/s"
2025-12-26,17:03:40,12,49,"128.5 Kbps","76.1 Kbps","0 KB/s","0 KB/s"
2025-12-26,17:03:44,11,49,"0.3 Kbps","1.5 Kbps","0 KB/s","128.2 KB/s"
2025-12-26,17:03:45,14,49,"0.3 Kbps","1.0 Kbps","0 KB/s","3.2 MB/s"
2025-12-26,17:03:48,15,48,"0.0 Kbps","0.1 Kbps","4.5 KB/s","116.2 KB/s"
2025-12-26,17:03:50,13,49,"13.4 Kbps","0.4 Kbps","0 KB/s","35.5 KB/s"
2025-12-26,17:03:53,12,49,"32.0 Kbps","18.9 Kbps","4.5 KB/s","3.2 MB/s"
2025-12-26,17:03:54,12,49,"18.4 Kbps","18.4 Kbps","0 KB/s","187.2 KB/s"
2025-12-26,17:03:58,12,48,"0.3 Kbps","0.2 Kbps","0 KB/s","3.1 MB/s"
2025-12-26,17:03:59,10,48,"0.6 Kbps","0.5 Kbps","0 KB/s","242.9 KB/s"
2025-12-26,17:04:02,9,48,"0.6 Kbps","1.7 Kbps","0 KB/s","382.5 KB/s"
2025-12-26,17:04:04,9,48,"0.3 Kbps","1.4 Kbps","0 KB/s","146.4 KB/s"
2025-12-26,17:04:07,18,48,"0.0 Kbps","0.4 Kbps","185.5 KB/s","43.4 KB/s"
2025-12-26,17:04:08,23,48,"0.3 Kbps","1.6 Kbps","4.5 KB/s","40.4 KB/s"
2025-12-26,17:04:12,15,48,"0.6 Kbps","3.4 Kbps","0 KB/s","0 KB/s"
2025-12-26,17:04:13,10,48,"2.2 Kbps","3.7 Kbps","4.5 KB/s","3.2 MB/s"
2025-12-26,17:04:16,9,48,"9.0 Kbps","18.3 Kbps","0 KB/s","0 KB/s"
2025-12-26,17:04:18,9,48,"21.1 Kbps","41.8 Kbps","0 KB/s","3.2 MB/s"
2025-12-26,17:04:21,8,48,"21.7 Kbps","27.2 Kbps","0 KB/s","288.2 KB/s"
2025-12-26,17:04:22,7,48,"19.4 Kbps","8.9 Kbps","0 KB/s","0 KB/s"
2025-12-26,17:04:26,8,48,"33.7 Kbps","10.2 Kbps","0 KB/s","3.2 MB/s"
2025-12-26,17:04:27,8,48,"22.2 Kbps","3.1 Kbps","0 KB/s","0 KB/s"
2025-12-26,17:04:30,7,48,"18.9 Kbps","3.2 Kbps","0 KB/s","6.0 MB/s"
2025-12-26,17:04:32,7,48,"21.1 Kbps","3.6 Kbps","0 KB/s","5.1 MB/s"
2025-12-26,17:04:35,7,48,"4.7 Kbps","0.8 Kbps","0 KB/s","87.3 KB/s"
2025-12-26,17:04:36,8,48,"2.6 Kbps","0.6 Kbps","106.8 KB/s","0 KB/s"
2025-12-26,17:04:39,8,48,"2.1 Kbps","8.5 Kbps","63.4 KB/s","0 KB/s"
2025-12-26,17:04:41,9,48,"4.4 Kbps","14.2 Kbps","0 KB/s","3.1 MB/s"
2025-12-26,17:04:44,9,48,"5.2 Kbps","7.0 Kbps","178.1 KB/s","83.4 KB/s"
2025-12-26,17:04:45,9,48,"2.8 Kbps","1.3 Kbps","0 KB/s","3.4 MB/s"
2025-12-26,17:04:49,8,48,"22.3 Kbps","3.0 Kbps","4.5 KB/s","88.1 KB/s"
2025-12-26,17:04:50,7,48,"22.3 Kbps","3.4 Kbps","0 KB/s","703.0 KB/s"
2025-12-26,17:04:53,7,48,"0.5 Kbps","1.3 Kbps","0 KB/s","4.1 MB/s"
2025-12-26,17:04:54,8,48,"1.1 Kbps","1.6 Kbps","627.4 KB/s","11.8 KB/s"
2025-12-26,17:04:58,10,48,"1.0 Kbps","1.8 Kbps","697.7 KB/s","3.3 MB/s"
2025-12-26,17:04:59,10,48,"0.3 Kbps","1.3 Kbps","8.5 KB/s","650.5 KB/s"
2025-12-26,17:05:02,10,48,"7.5 Kbps","11.5 Kbps","0 KB/s","4.0 KB/s"
2025-12-26,17:05:04,11,48,"7.3 Kbps","11.3 Kbps","4.5 KB/s","24.5 KB/s"
2025-12-26,17:05:07,11,49,"0.0 Kbps","0.3 Kbps","181.4 KB/s","19.7 KB/s"
2025-12-26,17:05:08,9,48,"0.0 Kbps","0.0 Kbps","5.0 MB/s","345.2 KB/s"
2025-12-26,17:05:12,17,48,"14.0 Kbps","19.8 Kbps","0 KB/s","1.5 MB/s"
2025-12-26,17:05:13,22,48,"13.6 Kbps","19.4 Kbps","63.4 KB/s","3.7 MB/s"
2025-12-26,17:05:16,17,48,"30.8 Kbps","2.1 Kbps","40.0 KB/s","219.8 KB/s"
2025-12-26,17:05:18,14,48,"35.4 Kbps","3.2 Kbps","0 KB/s","3.6 MB/s"
2025-12-26,17:05:21,11,48,"9.3 Kbps","4.5 Kbps","0 KB/s","3.1 MB/s"
2025-12-26,17:05:22,10,48,"8.6 Kbps","4.1 Kbps","31.8 KB/s","0 KB/s"
2025-12-26,17:05:26,11,48,"16.1 Kbps","15.4 Kbps","0 KB/s","399.6 KB/s"
2025-12-26,17:05:27,12,48,"25.0 Kbps","28.5 Kbps","0 KB/s","158.2 KB/s"
2025-12-26,17:05:30,7,48,"18.8 Kbps","135.3 Kbps","15.8 KB/s","15.4 MB/s"
2025-12-26,17:05:32,8,48,"6.5 Kbps","120.3 Kbps","0 KB/s","0 KB/s"
2025-12-26,17:05:35,10,48,"8.5 Kbps","1.3 Kbps","0 KB/s","0 KB/s"
2025-12-26,17:05:36,9,48,"8.5 Kbps","0.7 Kbps","0 KB/s","0 KB/s"
2025-12-26,17:05:39,9,48,"6.9 Kbps","0.8 Kbps","4.4 KB/s","16.3 KB/s"
2025-12-26,17:05:41,10,48,"6.9 Kbps","1.4 Kbps","7.9 KB/s","3.1 MB/s"
2025-12-26,17:05:44,9,48,"6.8 Kbps","9.8 Kbps","4.5 KB/s","87.6 KB/s"
2025-12-26,17:05:46,10,48,"7.2 Kbps","9.6 Kbps","0 KB/s","131.3 KB/s"
2025-12-26,17:05:49,12,48,"0.3 Kbps","0.4 Kbps","0 KB/s","3.2 MB/s"
2025-12-26,17:05:50,12,48,"0.0 Kbps","0.1 Kbps","0 KB/s","0 KB/s"
2025-12-26,17:05:53,12,48,"0.0 Kbps","0.8 Kbps","0 KB/s","3.1 MB/s"
2025-12-26,17:05:55,12,48,"0.0 Kbps","0.8 Kbps","4.5 KB/s","52.1 KB/s"
2025-12-26,17:05:58,11,48,"0.2 Kbps","0.2 Kbps","0 KB/s","4.0 KB/s"
2025-12-26,17:06:00,10,49,"20.2 Kbps","0.9 Kbps","4.4 KB/s","162.4 KB/s"
2025-12-26,17:06:03,9,49,"25.6 Kbps","2.4 Kbps","0 KB/s","8.0 KB/s"
2025-12-26,17:06:04,9,49,"10.0 Kbps","2.3 Kbps","4.5 KB/s","95.4 KB/s"
2025-12-26,17:06:07,8,49,"25.7 Kbps","18.9 Kbps","0 KB/s","95.6 KB/s"
2025-12-26,17:06:09,8,48,"24.7 Kbps","19.7 Kbps","0 KB/s","3.1 MB/s"
2025-12-26,17:06:12,7,49,"10.9 Kbps","5.4 Kbps","0 KB/s","3.1 MB/s"
2025-12-26,17:06:13,7,49,"21.4 Kbps","6.1 Kbps","0 KB/s","0 KB/s"
2025-12-26,17:06:16,14,49,"29.6 Kbps","19.2 Kbps","0 KB/s","3.1 MB/s"
2025-12-26,17:06:18,18,49,"20.9 Kbps","17.4 Kbps","0 KB/s","6.5 MB/s"
2025-12-26,17:06:21,17,49,"6.5 Kbps","2.1 Kbps","0 KB/s","12.0 KB/s"
2025-12-26,17:06:23,14,49,"1.1 Kbps","2.2 Kbps","32.0 KB/s","4.0 KB/s"
2025-12-26,17:06:26,11,49,"0.3 Kbps","1.0 Kbps","0 KB/s","0 KB/s"
2025-12-26,17:06:27,11,49,"0.1 Kbps","0.7 Kbps","0 KB/s","75.8 KB/s"
2025-12-26,17:06:30,10,49,"0.0 Kbps","0.1 Kbps","0 KB/s","31.9 KB/s"
2025-12-26,17:06:32,10,49,"28.3 Kbps","17.0 Kbps","0 KB/s","0 KB/s"
2025-12-26,17:06:35,12,49,"28.4 Kbps","17.7 Kbps","4.5 KB/s","76.3 KB/s"
2025-12-26,17:06:36,12,49,"0.6 Kbps","1.5 Kbps","0 KB/s","3.1 MB/s"
2025-12-26,17:06:40,12,49,"36.1 Kbps","5.0 Kbps","4.5 KB/s","116.5 KB/s"
2025-12-26,17:06:41,12,49,"40.7 Kbps","5.1 Kbps","0 KB/s","3.1 MB/s"
2025-12-26,17:06:44,11,49,"5.2 Kbps","1.6 Kbps","0 KB/s","158.8 KB/s"
2025-12-26,17:06:45,11,49,"16.8 Kbps","15.9 Kbps","4.5 KB/s","64.5 KB/s"
2025-12-26,17:06:49,11,49,"16.8 Kbps","15.4 Kbps","0 KB/s","3.1 MB/s"
2025-12-26,17:06:50,12,49,"0.1 Kbps","0.3 Kbps","4.5 KB/s","72.0 KB/s"
2025-12-26,17:06:53,10,49,"0.3 Kbps","0.9 Kbps","0 KB/s","1.1 MB/s"
2025-12-26,17:06:55,9,49,"0.3 Kbps","1.0 Kbps","0 KB/s","31.9 KB/s"
2025-12-26,17:06:58,10,49,"0.3 Kbps","0.5 Kbps","0 KB/s","99.1 KB/s"
2025-12-26,17:06:59,9,49,"0.3 Kbps","0.6 Kbps","4.0 KB/s","8.0 KB/s"
2025-12-26,17:07:02,10,49,"0.3 Kbps","1.4 Kbps","172.8 KB/s","35.4 KB/s"
2025-12-26,17:07:04,11,49,"0.7 Kbps","1.7 Kbps","0 KB/s","3.1 MB/s"
2025-12-26,17:07:07,9,48,"0.6 Kbps","1.0 Kbps","0 KB/s","0 KB/s"
2025-12-26,17:07:08,9,49,"0.2 Kbps","1.6 Kbps","0 KB/s","3.1 MB/s"
2025-12-26,17:07:11,9,49,"25.4 Kbps","24.1 Kbps","290.1 KB/s","0 KB/s"
2025-12-26,17:07:13,10,49,"25.6 Kbps","25.3 Kbps","55.8 KB/s","151.4 KB/s"
